srcid,sc_ra,sc_dec,Class_x,Px,Class_xo,Pxo,Class_xi,Pxi,Class_xio,Pxio,GAL_LONG,GAL_LAT,GLIMPSE,RAdeg,DEdeg,errHalfMaj,errHalfMin,errPosAng,3.6mag,4.5mag,5.8mag,8.0mag,e_3.6mag,e_4.5mag,e_5.8mag,e_8.0mag,C,F(3.6),e_F(3.6),F(4.5),e_F(4.5),F(5.8),e_F(5.8),F(8.0),e_F(8.0),q_3.6mag,q_4.5mag,q_5.8mag,q_8.0mag,angDist
200088201010259,271.137163085826,-24.3123322839756,QSO,0.583,,,STAR,1.0,,,6.126509155107912,-1.3151413300888957,G006.1264-01.3151,271.137171,-24.31235,0.3,0.3,90.0,9.858,9.82,9.695,9.523,0.04,0.044,0.062,0.04,C,32.0,1.191,21.21,0.8609,15.23,0.8742,9.954,0.3685,00000000,00000000,00000000,00008400,0.069013
200855805010007,268.64443873328,-30.0193768853726,QSO,0.6,,,,,,,0.0699491068380398,-2.2290853707945306,G000.0699-02.2290,268.644427,-30.019379,0.3,0.3,90.0,9.202,9.224,9.165,9.12,0.031,0.031,0.032,0.019,C,58.56,1.659,36.73,1.058,24.82,0.7295,14.42,0.253,00000040,00000000,00000000,00008000,0.037186
201129701010003,267.391975666713,-28.1036762549095,STAR,0.863,,,STAR,1.0,,,1.1611422047183166,-0.31121898866106773,G001.1611-00.3112,267.391952,-28.10368,0.3,0.3,90.0,10.711,10.637,10.507,10.652,0.021,0.048,0.032,0.049,C,14.59,0.2886,9.995,0.4422,7.209,0.215,3.519,0.1585,00004340,00004200,00008201,00008600,0.076246
201129702010015,266.823699612125,-27.977240442997,QSO,0.484,,,STAR,1.0,,,1.0106147815915303,0.18365367965514598,G001.0105+00.1836,266.823696,-27.977265,0.3,0.3,90.0,11.721,11.567,11.636,11.609,0.051,0.059,0.085,0.174,C,5.758,0.2729,4.243,0.2315,2.548,0.1998,1.458,0.2339,00000540,00004400,00000600,00002200,0.089192
201359601010122,267.88416933285,-26.772540091675,GALAXY,0.662,,,,,,,2.5280931643815716,-0.0043172291951395145,G002.5280-00.0043,267.884157,-26.772557,0.3,0.3,90.0,12.842,12.743,,,0.108,0.16,,,C,2.05,0.2038,1.437,0.2113,,,,,00000600,00000400,,,0.072801
201458402010003,272.731912914001,-21.2072162185883,QSO,0.511,,,,,,,9.55561070390877,-1.0915995254882136,G009.5556-01.0916,272.731925,-21.207215,0.3,0.3,90.0,10.536,10.406,10.455,10.317,0.037,0.082,0.044,0.073,C,17.14,0.5825,12.37,0.9313,7.562,0.3048,4.788,0.3226,00000000,00000000,00008000,00000000,0.040854
201458402010007,272.744957522199,-21.2177782204726,QSO,0.716,,,STAR,1.0,,,9.552213237926567,-1.1073444190324804,G009.5522-01.1073,272.744966,-21.217752,0.3,0.3,90.0,10.74,10.83,10.668,10.755,0.055,0.103,0.064,0.122,C,14.21,0.7156,8.369,0.7913,6.217,0.3676,3.199,0.3606,00004000,00000000,00000000,00000000,0.098687
201458402010036,272.57817778335,-21.272149722424,GALAXY,0.654,,,,,,,9.429607368327686,-0.9973790359056748,G009.4296-00.9973,272.57819,-21.272162,0.3,0.3,90.0,11.831,11.822,11.742,11.723,0.057,0.071,0.165,0.263,C,5.203,0.2745,3.354,0.2186,2.312,0.3515,1.312,0.3178,00000140,000840c0,00000400,00008400,0.060374
202039301010114,267.01587617882,-28.4606439562,GALAXY,0.504,,,STAR,1.0,,,0.6845382991426967,-0.21134988348301179,G000.6845-00.2113,267.015896,-28.460636,0.3,0.3,90.0,11.055,10.591,10.168,10.336,0.055,0.055,0.039,0.061,C,10.63,0.5374,10.42,0.5323,9.847,0.3544,4.706,0.2642,00100540,00100400,00100200,00008200,0.069169
202052401010033,267.05791242389,-28.296469159701,QSO,0.585,,,,,,,0.8442208270732037,-0.15821815831713948,G000.8442-00.1582,267.057901,-28.296484,0.3,0.3,90.0,13.307,12.812,,,0.06,0.133,,,C,1.336,0.07446,1.349,0.165,,,,,00100340,00000200,,,0.06469
202063805010001,269.9397291639,-22.027635558099,QSO,0.425,,,,,,,7.569567232804205,0.7703601317111339,G007.5695+00.7703,269.939717,-22.027646,0.3,0.3,90.0,13.244,13.23,,,0.054,0.127,,,C,1.416,0.07063,0.9174,0.1072,,,,,00000344,00010000,,,0.055059
202063806010001,270.674766096882,-20.2881325470276,GALAXY,0.766,,,GALAXY,0.886,,,9.42050066832051,1.036092733623431,G009.4204+01.0361,270.674762,-20.288135,0.3,0.3,90.0,11.013,11.006,10.64,10.693,0.049,0.065,0.051,0.053,C,11.05,0.5026,7.112,0.4256,6.378,0.297,3.388,0.1639,00000200,00000000,00000000,00000000,0.016483
203028827010017,266.936930455856,-28.9547489464079,QSO,0.581,,,,,,,0.2257725156060377,-0.40749885099262345,G000.2257-00.4074,266.936911,-28.954737,0.3,0.3,90.0,12.241,12.243,,,0.07,0.109,,,A,3.565,0.2308,2.277,0.2287,,,,,00100040,00000400,,,0.074705
203059701010197,271.28653513806,-27.697486298303,GALAXY,0.649,,,STAR,0.98,,,3.2368785619784703,-3.0872318419117857,G003.2368-03.0872,271.286532,-27.69751,0.3,0.3,90.0,12.757,12.768,12.61,12.553,0.076,0.112,0.145,0.219,C,2.218,0.155,1.404,0.1443,1.039,0.139,0.6105,0.1233,00004040,00000000,00000000,00008000,0.085953
204105805015057,267.63040464184,-28.329947055788,GALAXY,0.75,,,,,,,1.074755852999307,-0.6076582679668661,G001.0747-00.6076,267.630407,-28.329966,0.3,0.3,90.0,12.878,12.948,12.539,,0.058,0.124,0.331,,C,1.984,0.1063,1.189,0.1353,1.109,0.3379,,,00004740,00004600,00000000,,0.068459
205031702015102,270.92346532074,-21.589932926752,QSO,0.432,,,,,,,8.401700820836439,0.19299264141803638,G008.4017+00.1929,270.923478,-21.589918,0.3,0.3,90.0,13.794,13.94,,,0.117,0.277,,,C,0.8533,0.09161,0.4772,0.1219,,,,,00000240,00000200,,,0.068195
205546004010093,272.22712908471,-20.496723554616,QSO,0.79,,,,,,,9.949728587559456,-0.3352829758509231,G009.9497-00.3352,272.227127,-20.496711,0.3,0.3,90.0,13.11,,12.193,,0.077,,0.207,,A,1.601,0.1142,,,1.526,0.2915,,,00002000,,00000000,,0.045646
206509101010001,263.86165984042,-25.528683926911,GALAXY,0.372,,,STAR,1.0,,,1.6941193641600525,3.7223846594624885,G001.6941+03.7223,263.861666,-25.528678,0.3,0.3,90.0,9.049,8.989,8.91,8.9,0.038,0.038,0.029,0.029,C,67.45,2.384,45.59,1.613,31.39,0.8518,17.66,0.4744,00004000,00000000,00000000,00000000,0.029015
206514501010006,268.38714682055,-27.911246783202,QSO,0.494,,,STAR,0.999,,,1.7752414293133663,-0.9684368975326905,G001.7752-00.9684,268.387128,-27.911256,0.3,0.3,90.0,11.494,11.312,11.354,11.201,0.056,0.069,0.098,0.108,C,7.098,0.3635,5.365,0.3401,3.304,0.2982,2.122,0.2109,00000200,00000000,00000200,00000000,0.068055
206946416010090,267.21822031543,-27.691547175305,GALAXY,0.473,,,,,,,1.435470042131467,0.03254910929125074,G001.4354+00.0325,267.218197,-27.691531,0.3,0.3,90.0,13.029,12.98,,,0.088,0.122,,,C,1.726,0.1391,1.155,0.13,,,,,00100240,00100600,,,0.094275
207202802010001,267.16244421182,-23.588969254274,GALAXY,0.625,,,GALAXY,0.999,,,4.926860227468147,2.188909183431847,G004.9268+02.1889,267.162417,-23.588979,0.3,0.3,90.0,11.826,10.945,10.303,9.464,0.059,0.064,0.042,0.019,C,5.226,0.2839,7.523,0.4454,8.696,0.3377,10.51,0.1841,00100440,00000000,00000000,00000001,0.096596
207205405010122,271.03014035132,-24.598481892131,GALAXY,0.739,,,,,,,5.829273771446922,-1.3705677059233758,G005.8292-01.3705,271.030142,-24.598505,0.3,0.3,90.0,7.493,7.808,7.503,7.481,0.067,0.046,0.039,0.031,C,282.8,17.45,135.4,5.77,114.7,4.148,65.24,1.868,00000000,00000200,00000000,00000000,0.08345
207622503010222,266.50293503503,-28.798621214955,GALAXY,0.759,,,,,,,0.16210056484841315,-0.0016090839792625602,G000.1621-00.0016,266.502941,-28.798596,0.3,0.3,90.0,10.616,10.568,10.251,,0.103,0.105,0.129,,C,15.92,1.508,10.65,1.034,9.13,1.083,,,00000540,00000600,00008600,,0.09255
207631801010002,268.63384888321,-29.473420910648,STAR,0.818,,,,,,,0.5369378508268812,-1.945600392557874,G000.5369-01.9455,268.633847,-29.473416,0.3,0.3,90.0,8.502,8.631,8.515,8.436,0.033,0.042,0.027,0.02,C,111.6,3.412,63.43,2.43,45.16,1.115,27.09,0.4974,00000340,00004140,00000000,00008000,0.018739
207641913010064,265.39726549539,-28.217028079525,QSO,0.436,,,,,,,0.14797609295657985,1.1306690132981227,G000.1479+01.1306,265.397273,-28.217031,0.3,0.3,90.0,12.188,12.177,12.115,11.802,0.047,0.097,0.113,0.196,C,3.744,0.1625,2.419,0.2151,1.639,0.1698,1.219,0.2202,00000140,00000600,00000400,00000000,0.026212
207841005010013,270.93002595433,-28.686054933541,STAR,0.683,,,,,,,2.219165435913127,-3.2957194887183983,G002.2191-03.2956,270.930012,-28.686031,0.3,0.3,90.0,12.993,13.165,12.764,12.799,0.06,0.145,0.341,0.262,C,1.784,0.09838,0.9741,0.1301,0.902,0.2829,0.4868,0.1176,00000200,00000000,00000000,00000000,0.096846
208016801010021,265.56073577484,-27.978817056095,QSO,0.676,,,STAR,1.0,,,0.42647129762818214,1.1338350083877518,G000.4264+01.1338,265.560757,-27.978826,0.3,0.3,90.0,9.657,9.733,9.643,9.609,0.038,0.043,0.041,0.023,C,38.54,1.346,22.97,0.9051,15.98,0.5964,9.197,0.1958,00000140,00100000,00000000,00000000,0.074615
201129721010014,266.418364491438,-29.0747290087688,GALAXY,0.746,,,,,,,359.8878313546867,-0.08216820373101244,G359.8878-00.0821,266.418372,-29.074742,0.3,0.3,90.0,10.988,11.04,10.475,,0.123,0.152,0.275,,A,11.31,1.278,6.895,0.9633,7.423,1.877,,,00000200,00000200,00000600,,0.052148
202063804010001,261.29749729892,-36.2826504514667,GALAXY,0.779,,,STAR,0.992,,,351.49726289957005,-0.35395697897512296,G351.4972-00.3539,261.297496,-36.282665,0.3,0.3,90.0,9.838,9.496,9.373,9.394,0.048,0.041,0.034,0.03,C,32.6,1.434,28.57,1.086,20.48,0.6477,11.2,0.3114,00000000,00000000,00000000,00000000,0.052545
203042201010006,265.096330563436,-29.0646817861102,STAR,0.523,,,,,,,359.2888814770495,0.9060347997971431,G359.2888+00.9060,265.096332,-29.064698,0.3,0.3,90.0,11.224,11.164,11.011,10.968,0.065,0.053,0.089,0.065,C,9.094,0.542,6.151,0.2976,4.533,0.3726,2.629,0.1571,00104540,00000400,00008000,00008200,0.058494
204003401015016,266.450366729657,-29.757252435908,GALAXY,0.569,,,,,,,359.3196859950552,-0.461423523189462,G359.3196-00.4614,266.450351,-29.757257,0.3,0.3,90.0,12.555,12.512,11.721,,0.059,0.075,0.21,,C,2.671,0.1459,1.778,0.1231,2.358,0.4556,,,00004740,00004740,00002200,,0.051816
204024307010041,266.27629164676,-28.921997573907,GALAXY,0.674,,,,,,,359.95335911938116,0.10350342085792202,G359.9533+00.1035,266.276285,-28.922008,0.3,0.3,90.0,11.192,11.216,10.771,10.526,0.069,0.104,0.054,0.136,C,9.374,0.5938,5.861,0.5595,5.651,0.2827,3.952,0.4958,00100540,00000400,00008600,00008600,0.043203
204056802015110,263.25815586712,-34.585662855726,QSO,0.589,,,,,,,353.79456937518927,-0.7465657240208365,G353.7945-00.7465,263.258175,-34.585647,0.3,0.3,90.0,8.552,8.641,8.591,8.538,0.115,0.054,0.038,0.025,C,106.6,11.24,62.85,3.102,42.12,1.461,24.66,0.5566,00084480,00084480,00008000,00000000,0.080277
206533201010011,263.764412229078,-33.5306437496661,GALAXY,0.517,,,STAR,1.0,,,354.90832738896404,-0.5259705766659256,G354.9083-00.5259,263.764401,-33.530621,0.3,0.3,90.0,12.523,12.434,12.148,,0.075,0.12,0.263,,C,2.749,0.1908,1.909,0.2111,1.59,0.3851,,,00004540,00000400,00008000,,0.088435
206940402010012,267.34865775984,-30.537848747494,STAR,0.581,,,,,,,359.05340654232793,-1.5299834003467438,G359.0533-01.5300,267.348672,-30.537871,0.3,0.3,90.0,11.321,11.366,11.329,11.287,0.03,0.057,0.054,0.048,C,8.324,0.2286,5.105,0.2684,3.381,0.1669,1.961,0.08751,00004040,00004200,00000000,00000000,0.091352
206940402010054,267.331595367,-30.689547909771,GALAXY,0.795,,,,,,,358.9156728966199,-1.5953425250870479,G358.9156-01.5953,267.331611,-30.689551,0.3,0.3,90.0,12.954,13.023,,,0.054,0.096,,,C,1.849,0.0921,1.11,0.09766,,,,,00014200,00004400,,,0.049408
207220901010051,262.96310886759,-34.760648646869,GALAXY,0.628,,,,,,,353.5154455242739,-0.6388620298583514,G353.5154-00.6388,262.963087,-34.760635,0.3,0.3,90.0,13.526,13.231,,,0.116,0.149,,,C,1.092,0.1167,0.9164,0.1258,,,,,00000440,00004400,,,0.080986
207436101010264,262.78433404824,-33.591858493298,GALAXY,0.539,,,STAR,1.0,,,354.4119772220877,0.1254695872602171,G354.4119+00.1254,262.784311,-33.591852,0.3,0.3,90.0,10.899,10.822,10.57,10.805,0.087,0.057,0.131,0.107,C,12.27,0.9794,8.432,0.4447,6.8,0.8234,3.056,0.301,00000000,00000000,00000200,00000200,0.072862
207451302010001,266.59872961134,-31.583523693641,STAR,0.94,,,STAR,1.0,,,357.8257822988876,-1.5199746470402857,G357.8257-01.5199,266.598726,-31.583529,0.3,0.3,90.0,9.053,9.086,9.015,9.035,0.031,0.047,0.026,0.028,C,67.17,1.948,41.69,1.812,28.48,0.6738,15.6,0.3961,00000640,00000000,00000000,00008000,0.022015
207451302010012,266.370685620789,-31.359369723081,STAR,0.667,,,STAR,1.0,,,357.91611760698873,-1.2372752481277283,G357.9161-01.2372,266.37071,-31.359368,0.3,0.3,90.0,8.12,8.208,8.176,8.124,0.028,0.036,0.022,0.021,C,158.8,4.055,93.64,3.065,61.72,1.253,36.1,0.7118,00004240,00000000,00000000,00000000,0.074892
207451302015148,266.38029328888,-31.53207274486,GALAXY,0.655,,,STAR,1.0,,,357.77292767990474,-1.3342313801044468,G357.7729-01.3342,266.380305,-31.532098,0.3,0.3,90.0,11.796,11.905,11.791,,0.063,0.072,0.173,,C,5.37,0.3103,3.107,0.2068,2.21,0.3517,,,00104000,00004400,00000000,,0.098005
207485901330008,265.65648511781,-34.203097548039,QSO,0.518,,,STAR,0.998,,,355.17731788620375,-2.2135600280071195,G355.1773-02.2135,265.656496,-34.203106,0.3,0.3,90.0,13.978,13.969,,,0.091,0.137,,,C,0.7203,0.06005,0.4644,0.05848,,,,,00004240,00004000,,,0.044664
207631803010001,266.47507154436,-31.250899280424,STAR,0.841,,,STAR,1.0,,,358.0551935558149,-1.2569598398105548,G358.0551-01.2569,266.475087,-31.250901,0.3,0.3,90.0,9.449,9.424,9.382,9.32,0.02,0.026,0.027,0.018,C,46.67,0.8397,30.54,0.7191,20.32,0.5098,12.0,0.1973,00004340,00000240,00008000,00008000,0.047739
207641904010063,265.46458495368,-29.595085077383,GALAXY,0.964,,,GALAXY,0.808,,,359.00873475908463,0.3529284044270323,G359.0087+00.3529,265.464587,-29.595084,0.3,0.3,90.0,12.731,12.619,12.305,,0.045,0.055,0.33,,C,2.27,0.0947,1.611,0.08167,1.376,0.4187,,,00000340,00000600,00000400,,0.007509
207821706010002,266.21498608395,-30.777853517672,GALAXY,0.602,,,,,,,358.34276264701407,-0.8201657505449624,G358.3427-00.8201,266.214962,-30.77784,0.3,0.3,90.0,10.015,9.97,9.897,10.03,0.029,0.044,0.043,0.047,C,27.7,0.7429,18.48,0.7443,12.64,0.5062,6.24,0.2706,00004240,00004000,00000200,00008200,0.088927
208016816010040,267.67417424617,-30.271227624411,GALAXY,0.556,,,STAR,1.0,,,359.42639968451783,-1.6343333047786077,G359.4264-01.6343,267.674197,-30.271233,0.3,0.3,90.0,8.248,8.374,8.221,8.155,0.028,0.036,0.026,0.018,C,141.0,3.618,80.32,2.654,59.21,1.435,35.08,0.5905,00000440,00000000,00008000,00008000,0.073184
208016817010004,267.67694891999,-29.974960997092,QSO,0.421,,,STAR,1.0,,,359.6822856065057,-1.4848321070189885,G359.6822-01.4848,267.676942,-29.974975,0.3,0.3,90.0,11.391,11.42,11.417,11.337,0.136,0.086,0.079,0.096,C,7.798,0.9782,4.857,0.3851,3.119,0.227,1.871,0.1654,00004540,00100440,00000000,00008000,0.054668
200074209010010,210.30674146621,-61.469239867577,STAR,0.462,,,,,,,311.16548514607916,0.28184839916849064,G311.1654+00.2818,210.306742,-61.469259,0.3,0.3,90.0,11.984,11.964,11.918,,0.049,0.077,0.136,,C,4.518,0.2043,2.945,0.2079,1.966,0.2455,,,00100000,00004000,00000000,,0.068967
200074216010013,211.37321877974,-62.009196363145,QSO,0.675,,,,,,,311.5026710479235,-0.3760413332118721,G311.5026-00.3760,211.373176,-62.009203,0.3,0.3,90.0,13.406,13.46,,,0.099,0.154,,,C,1.22,0.1112,0.7419,0.1049,,,,,00010000,00000000,,,0.075921
200074250010002,211.24608860504,-61.215323408256,QSO,0.51,,,STAR,1.0,,,311.6682841874021,0.40271381888661395,G311.6682+00.4027,211.246108,-61.215326,0.3,0.3,90.0,12.981,12.72,12.215,,0.103,0.128,0.23,,C,1.803,0.1705,1.467,0.1734,1.495,0.3167,,,00100040,00000000,00002400,,0.034937
200879402010021,206.588253639134,-62.8149024000397,QSO,0.448,,,,,,,309.1568868216211,-0.608754687012829,G309.1568-00.6087,206.588257,-62.814923,0.3,0.3,90.0,13.11,13.155,12.73,11.998,0.089,0.145,0.277,0.241,C,1.601,0.1314,0.9833,0.1311,0.93,0.2372,1.018,0.2259,00004000,00004000,00000000,00000200,0.074547
200936705010041,258.572078716152,-39.8951636403601,GALAXY,0.774,,,,,,,347.30782283673386,-0.6651845256027018,G347.3078-00.6651,258.572052,-39.895157,0.3,0.3,90.0,9.16,9.178,9.109,9.039,0.036,0.041,0.04,0.034,C,60.91,2.016,38.3,1.44,26.12,0.9727,15.54,0.4864,00000200,00002000,00002000,00002000,0.077583
200986102010036,247.0059493696,-49.409614320175,GALAXY,0.43,,,,,,,334.7600924203788,-0.40659600107567134,G334.7600-00.4065,247.005918,-49.4096,0.3,0.3,90.0,13.777,13.712,,,0.076,0.212,,,C,0.8667,0.06101,0.5883,0.1149,,,,,00004000,00004004,,,0.089669
201094901010182,253.599147588694,-42.0285531662053,QSO,0.538,,,STAR,0.998,,,343.3332599350761,1.022588849241745,G343.3332+01.0226,253.599141,-42.028534,0.3,0.3,90.0,11.918,11.803,11.955,11.981,0.043,0.082,0.122,0.228,C,4.802,0.1914,3.414,0.2563,1.9,0.2141,1.035,0.2175,00000000,00000000,00000000,00000000,0.0711
201491802010019,243.23691745976,-52.456831972759,GALAXY,0.965,,,,,,,330.9288385476085,-0.8991987174168846,G330.9288-00.8992,243.236908,-52.456854,0.3,0.3,90.0,15.162,,,,0.17,,,,A,0.2419,0.03781,,,,,,,00001000,,,,0.081942
202010004015059,247.939999229365,-48.85290745775,QSO,0.562,,,,,,,335.5846114835749,-0.4669796737039866,G335.5845-00.4669,247.939998,-48.852933,0.3,0.3,90.0,13.522,13.542,,,0.097,0.173,,,C,1.096,0.09794,0.6884,0.1098,,,,,00000000,00002000,,,0.092182
202063802010013,250.010249905973,-46.533464869966,QSO,0.566,,,STAR,1.0,,,338.23712106424165,0.06650657318920612,G338.2371+00.0665,250.010257,-46.533441,0.3,0.3,90.0,8.325,8.471,8.352,8.331,0.049,0.054,0.04,0.031,C,131.4,5.972,73.45,3.645,52.48,1.949,29.84,0.84,00000000,00000000,00000000,00000000,0.087897
202063807015061,251.79697664747,-45.423091382448,GALAXY,0.723,,,,,,,339.88952131903727,-0.14310843504368065,G339.8895-00.1431,251.796992,-45.42308,0.3,0.3,90.0,10.578,10.932,10.356,10.374,0.081,0.164,0.052,0.061,C,16.49,1.234,7.615,1.15,8.281,0.3956,4.544,0.2563,00004440,00084480,00008000,00000000,0.056621
202070502010064,228.489276397935,-59.0059058584676,GALAXY,0.947,,,,,,,320.39147594206116,-1.0528160577234489,G320.3914-01.0528,228.489312,-59.005899,0.3,0.3,90.0,14.112,14.096,,,0.105,0.193,,,C,0.6362,0.06147,0.4133,0.07351,,,,,00000000,00000000,,,0.070412
203023401010001,196.15104406249,-63.284153471706,GALAXY,0.696,,,,,,,304.41109750967007,-0.4502261074590843,G304.4110-00.4502,196.150988,-63.28415,0.3,0.3,90.0,12.53,12.176,11.893,11.944,0.051,0.06,0.082,0.078,C,2.732,0.1292,2.422,0.1345,2.011,0.1523,1.07,0.07662,00000000,00006000,00002000,00002000,0.091425
203031001010004,249.81032202108,-47.005857023904,STAR,0.5,,,,,,,337.79325718887463,-0.1453680291201017,G337.7932-00.1453,249.810337,-47.005844,0.3,0.3,90.0,11.773,11.771,11.634,11.514,0.027,0.05,0.075,0.236,C,5.487,0.1379,3.516,0.1608,2.553,0.1752,1.59,0.3456,00000200,00000000,00000600,00008400,0.059696
203034401010002,195.24994192824,-63.20417877934,QSO,0.681,,,,,,,304.0093471138937,-0.35243618602545507,G304.0093-00.3524,195.24997,-63.204198,0.3,0.3,90.0,14.927,,,,0.139,,,,A,0.3005,0.03836,,,,,,,00001000,,,,0.082818
203071702010016,249.60420941601,-47.455657957321,GALAXY,0.389,,,,,,,337.3647533089172,-0.34106470332813776,G337.3647-00.3410,249.604241,-47.455663,0.3,0.3,90.0,6.601,6.196,6.019,5.519,0.07,0.049,0.032,0.026,C,643.2,41.26,597.2,26.86,449.7,13.1,397.6,9.545,00004480,00004080,00008000,00008000,0.078717
204032802010008,246.593956191967,-49.0467399001236,QSO,0.571,,,STAR,1.0,,,334.8343114471133,0.03900105478311788,G334.8342+00.0390,246.593926,-49.046746,0.3,0.3,90.0,9.651,9.602,9.549,9.387,0.052,0.063,0.05,0.049,C,38.74,1.86,25.92,1.493,17.43,0.8106,11.28,0.5084,00004240,00000000,00000000,00000400,0.074671
204043401010009,251.784942101336,-45.8459778546135,GALAXY,0.549,,,,,,,339.56169229735616,-0.4103809795974558,G339.5616-00.4103,251.784917,-45.845989,0.3,0.3,90.0,7.452,,6.706,6.205,0.068,,0.039,0.06,A,293.7,18.29,,,239.0,8.551,211.5,11.59,00080200,,00008200,00088400,0.07438
204066501010007,243.761636490518,-51.6338511483614,STAR,0.601,,,STAR,1.0,,,331.7293964721353,-0.5241733639243918,G331.7293-00.5241,243.761646,-51.633852,0.3,0.3,90.0,10.184,10.21,10.116,10.103,0.039,0.063,0.053,0.048,C,23.72,0.8578,14.81,0.8629,10.34,0.5048,5.831,0.2582,00000000,00002000,00002200,0000a000,0.021543
204066501010014,243.704661112522,-51.7800077354183,QSO,0.573,,,STAR,1.0,,,331.6029365906159,-0.6055230097021979,G331.6029-00.6055,243.70463,-51.779999,0.3,0.3,90.0,11.009,10.999,10.809,11.046,0.066,0.081,0.082,0.082,C,11.09,0.679,7.16,0.5349,5.461,0.4127,2.447,0.1838,00000000,00000000,00000200,00000400,0.076278
204067502010003,245.23839500905,-49.539590832119,STAR,0.795,,,STAR,1.0,,,333.8623553326049,0.3214369923375702,G333.8623+00.3214,245.238393,-49.539586,0.3,0.3,90.0,10.049,10.026,9.928,9.885,0.045,0.045,0.046,0.045,C,26.86,1.122,17.55,0.7228,12.29,0.5221,7.127,0.2945,00000140,00000140,00000000,00008000,0.018158
205003001010017,240.14789212181,-51.589424687564,QSO,0.498,,,STAR,0.702,,,330.09880515757004,1.0179959729226784,G330.0988+01.0179,240.147927,-51.589434,0.3,0.3,90.0,12.217,12.004,12.158,,0.046,0.094,0.123,,C,3.647,0.1538,2.837,0.2448,1.576,0.1783,,,00004000,00000000,00000400,,0.085042
205049901010011,216.89817407112,-61.02730519475,STAR,0.822,,,,,,,314.31231198159236,-0.29813204186433623,G314.3123-00.2981,216.898187,-61.027331,0.3,0.3,90.0,12.727,12.749,12.246,,0.067,0.1,0.28,,A,2.279,0.1415,1.428,0.131,1.453,0.3745,,,00004000,00084000,00002000,,0.095545
205049901010014,216.89731251398,-60.869693660733,STAR,0.466,,,,,,,314.3690624708466,-0.1510912178801147,G314.3690-00.1511,216.897292,-60.869719,0.3,0.3,90.0,13.39,13.351,,,0.089,0.136,,,C,1.237,0.1014,0.8209,0.103,,,,,00000000,00000000,,,0.09821
205110105010011,223.37883246637,-59.698381440342,QSO,0.546,,,STAR,0.998,,,317.77854560488663,-0.392731706484139,G317.7785-00.3927,223.378798,-59.698374,0.3,0.3,90.0,14.325,14.247,,,0.117,0.269,,,A,0.5232,0.05638,0.3595,0.08895,,,,,00002000,00002000,,,0.068034
205121801010206,251.87960958552,-45.332128311966,GALAXY,0.765,,,STAR,1.0,,,339.9964392378512,-0.12854818191004927,G339.9964-00.1285,251.879627,-45.33213,0.3,0.3,90.0,8.058,8.12,7.707,7.819,0.038,0.045,0.034,0.026,C,168.0,5.913,101.6,4.173,95.03,2.998,47.81,1.148,00000040,00000000,0000a200,00008000,0.044441
205121801010276,251.73654821809,-45.271336217062,GALAXY,0.644,,,,,,,339.97768207728495,-0.012490696701711799,G339.9776-00.0125,251.736577,-45.271344,0.3,0.3,90.0,13.45,13.368,,,0.11,0.23,,,C,1.171,0.1191,0.8078,0.1709,,,,,00002440,00002600,,,0.078128
205556601010039,243.26222562288,-52.078116794002,QSO,0.652,,,STAR,0.997,,,331.19982567187094,-0.6341622735239487,G331.1998-00.6341,243.262217,-52.078124,0.3,0.3,90.0,11.435,11.437,11.224,,0.039,0.084,0.088,,C,7.489,0.2681,4.785,0.3706,3.725,0.3018,,,00000200,00000200,00000200,,0.032278
205601811010033,237.84200935671,-54.302404208874,GALAXY,0.675,,,,,,,327.29251131612637,-0.1710537524143672,G327.2925-00.1710,237.842045,-54.302386,0.3,0.3,90.0,12.229,12.269,,,0.073,0.111,,,C,3.606,0.2417,2.223,0.2277,,,,,00000200,00000000,,,0.099515
206000801010003,259.67676177776,-38.746209054636,STAR,0.909,,,STAR,1.0,,,348.73951027653203,-0.6953065070696597,G348.7394-00.6953,259.67675,-38.746235,0.3,0.3,90.0,9.074,9.147,9.127,9.028,0.036,0.045,0.035,0.024,C,65.91,2.158,39.42,1.628,25.7,0.8359,15.7,0.3464,00000400,00000000,00000000,00000000,0.09918
206020201010121,253.71207364021,-41.159294126391,GALAXY,0.467,,,GALAXY,0.989,,,344.0620564943334,1.5041074549625078,G344.0620+01.5041,253.712055,-41.159307,0.3,0.3,90.0,13.48,13.434,,,0.061,0.118,,,C,1.139,0.0644,0.7601,0.08227,,,,,00000000,00000000,,,0.06863
206541101010012,245.968473403483,-49.9516850732032,STAR,0.466,,,STAR,1.0,,,333.90342580092556,-0.30361423966155204,G333.9034-00.3036,245.968476,-49.951676,0.3,0.3,90.0,11.754,11.535,11.365,,0.089,0.116,0.078,,C,5.583,0.4577,4.369,0.4686,3.272,0.235,,,00100400,00106000,00002601,,0.033198
206915501010098,200.4376876161,-63.339197434899,GALAXY,0.703,,,,,,,306.3246326137211,-0.6673056791504736,G306.3246-00.6673,200.437651,-63.33921,0.3,0.3,90.0,13.649,13.37,12.655,,0.111,0.122,0.153,,C,0.9752,0.09984,0.8061,0.0907,0.9966,0.1403,,,00000000,00000000,00000000,,0.074639
207245601010016,246.89165275313,-48.971142095535,GALAXY,0.732,,,,,,,335.02438822917065,-0.04884378977149207,G335.0243-00.0488,246.891652,-48.971148,0.3,0.3,90.0,13.907,13.67,,,0.095,0.192,,,C,0.7687,0.06709,0.6116,0.1082,,,,,00000040,00002400,,,0.021361
207420501010218,240.10229530325,-51.670085570962,GALAXY,0.533,,,STAR,1.0,,,330.02464118581,0.9754677185887286,G330.0246+00.9754,240.102302,-51.670095,0.3,0.3,90.0,11.581,11.622,11.569,,0.069,0.067,0.122,,C,6.549,0.4155,4.033,0.2487,2.711,0.3035,,,00000000,00000000,00000200,,0.03705
207421101010023,207.14993079526,-62.248073309066,GALAXY,0.521,,,STAR,1.0,,,309.5320146572709,-0.11106395802804431,G309.5320-00.1110,207.149922,-62.248088,0.3,0.3,90.0,11.102,11.067,10.743,10.795,0.05,0.065,0.073,0.067,C,10.18,0.4641,6.723,0.4026,5.8,0.3915,3.083,0.1894,00000040,00000000,00000200,00000000,0.05496
207421101015090,206.99774322006,-62.159505370103,STAR,0.375,,,,,,,309.48211608085654,-0.00912746048348847,G309.4821-00.0091,206.997722,-62.1595,0.3,0.3,90.0,9.65,9.676,9.535,9.507,0.046,0.058,0.049,0.04,C,38.78,1.652,24.22,1.298,17.65,0.7932,10.1,0.3764,00000140,00000040,00000000,00008000,0.040705
207422702010122,247.80682884134,-48.728098414486,STAR,0.527,,,,,,,335.61558111911637,-0.31759574965359716,G335.6155-00.3175,247.8068,-48.728109,0.3,0.3,90.0,14.38,13.991,,,0.126,0.272,,,A,0.4972,0.05788,0.455,0.1141,,,,,00000400,00000200,,,0.078612
207430301015016,258.769480954239,-39.9145087625207,QSO,0.599,,,STAR,1.0,,,347.3805231798455,-0.799425434854021,G347.3805-00.7994,258.769482,-39.914525,0.3,0.3,90.0,9.809,9.787,9.695,9.753,0.05,0.044,0.052,0.032,C,33.49,1.554,21.86,0.877,15.23,0.7334,8.054,0.2347,00002000,00006000,00002000,00002000,0.058628
208028901010004,187.08522250852,-63.501541823386,STAR,0.938,,,STAR,1.0,,,300.35888038686596,-0.745243594249046,G300.3588-00.7452,187.08526,-63.501527,0.3,0.3,90.0,9.874,9.782,9.686,9.692,0.049,0.056,0.049,0.035,C,31.54,1.409,21.96,1.133,15.36,0.6911,8.513,0.2739,00000000,00004000,00000000,00000000,0.080475
208042402010032,178.81419049941,-62.845329516446,STAR,0.584,,,STAR,1.0,,,296.5722618211772,-0.6693532291443747,G296.5722-00.6693,178.814151,-62.84535,0.3,0.3,90.0,10.335,10.281,10.189,10.202,0.039,0.051,0.053,0.045,C,20.64,0.7383,13.88,0.6477,9.658,0.4671,5.326,0.2184,00000000,00004000,00000000,00000000,0.098252
