srcid,sc_ra,sc_dec,Class_x,Px,Class_xo,Pxo,Class_xi,Pxi,Class_xio,Pxio,GAL_LONG,GAL_LAT,AllWISE,RAJ2000,DEJ2000,eeMaj,eeMin,eePA,W1mag,W2mag,W3mag,W4mag,Jmag,Hmag,Kmag,e_W1mag,e_W2mag,e_W3mag,e_W4mag,e_Jmag,e_Hmag,e_Kmag,ID,ccf,ex,var,qph,pmRA,e_pmRA,pmDE,e_pmDE,d2M,angDist
200088201010645,271.090850906506,-24.2739026768603,QSO,0.592,,,STAR,1.0,,,6.139311822928618,-1.25951033140721,J180421.80-241626.0,271.0908535,-24.2739026,0.1096,0.1026,167.7,10.586,10.429,9.59,2.882,12.561,11.67,11.176,0.048,0.065,,0.052,0.022,0.022,0.019,2708024301351030451,hdDD,1,30nn,AAUA,-29,91,443,96,0.334,0.008361
200509403010002,274.863262628521,-32.3174096692738,STAR,0.581,,,STAR,1.0,,,0.6150111783530554,-7.998448460991019,J181927.19-321902.7,274.8633205,-32.3174305,0.0405,0.0379,96.4,10.278,10.281,10.298,8.516,10.738,10.459,10.368,0.023,0.022,0.078,,0.024,0.023,0.021,2752031901351008393,0h00,0,110n,AAAU,-1,43,110,42,0.084,0.191281
200673403010012,271.91698228691,-31.238679932181,STAR,0.411,,,STAR,0.999,,,0.39512819163113844,-5.2803078198176365,J180740.08-311419.2,271.9170052,-31.2386708,0.0543,0.0529,81.5,11.246,11.293,11.407,8.045,12.17,11.453,11.358,0.027,0.031,0.207,,0.024,0.022,0.023,2717031901351059837,0000,1,01nn,AABU,68,58,-47,59,0.443,0.077722
201357430010001,270.75710747288,-22.718545214906,GALAXY,0.612,,,,,,,7.34342906069988,-0.2283979055755015,J180301.69-224306.6,270.7570539,-22.7185219,0.0404,0.0379,88.7,6.404,6.837,6.982,8.11,6.771,6.808,6.846,0.059,0.021,0.043,,0.029,0.038,0.023,2704022801351028229,hh00,1,411n,AAAU,74,38,-239,36,0.327,0.19686
201442714010001,269.145395544854,-21.9880970416607,STAR,0.943,,,,,,,7.235769226710832,1.4280419450926483,J175634.89-215917.0,269.1453863,-21.9880562,0.036,0.0337,102.7,7.574,7.564,7.592,7.99,8.825,8.135,7.939,0.025,0.019,0.031,0.28,0.032,0.036,0.023,2687022801351053688,00hH,1,200n,AAAB,80,49,263,53,0.277,0.150268
203027605010009,278.49103286645,-25.894130481865,QSO,0.558,,,GALAXY,0.998,,,7.846006510282408,-7.94070468520272,J183357.85-255338.7,278.491065,-25.8940957,0.0499,0.0485,151.8,12.058,12.127,12.39,8.959,13.379,12.526,12.261,0.026,0.027,0.532,,0.022,0.025,0.026,2783025801351034233,dd00,0,00nn,AACU,-126,72,-6,74,0.397,0.162815
203059701010087,271.18775586928,-27.621296563156,GALAXY,0.544,,,STAR,1.0,,,3.2607454181218607,-2.9736909960359053,J180445.05-273716.6,271.1877251,-27.6212852,0.0866,0.0811,164.3,10.775,11.025,12.114,8.952,11.645,11.021,10.88,0.039,0.045,,,0.028,0.023,0.019,2704027301351025459,d000,0,11nn,AAUU,-142,79,268,85,0.324,0.106426
203067001010007,266.4698677474,-21.452076414181,QSO,0.557,,,GALAXY,0.83,,,6.429151741603999,3.8396824430041776,J174552.75-212707.3,266.4698226,-21.4520429,0.1534,0.1034,178.0,11.776,12.008,11.641,8.921,13.005,12.143,11.837,0.053,0.057,,,0.022,0.022,0.023,2663021301351018827,0000,0,nnnn,AAUU,,,,,0.567,0.193425
203071101010006,268.12788667143,-29.808658917353,GALAXY,0.395,,,STAR,1.0,,,0.02485371015851943,-1.7363013190701424,J175230.68-294831.2,268.1278406,-29.8086773,0.1055,0.0978,165.7,10.142,10.35,10.815,8.572,10.738,10.442,10.324,0.046,0.048,0.195,,,0.053,0.043,2678030301351058689,ddO0,0,11nn,AABU,-33,97,76,96,0.525,0.158315
204056002010004,274.54532006936,-30.349191071361,STAR,0.46,,,,,,,2.252824653568764,-6.853855352928515,J181810.87-302057.2,274.5453169,-30.3492272,0.0472,0.0446,109.1,11.633,11.666,11.833,8.84,12.442,11.924,11.828,0.026,0.025,,,0.026,0.024,0.026,2747030301351036515,0000,1,00nn,AAUU,43,68,-34,67,0.25,0.130391
205038501010375,270.26668580786,-23.874681567333,QSO,0.717,,,STAR,1.0,,,6.115700245630134,-0.4080196083779242,J180104.00-235228.9,270.2666899,-23.8747169,0.1712,0.1587,172.8,11.655,12.176,9.514,6.94,14.183,12.641,11.992,0.065,0.123,,,0.036,0.022,0.019,2708024301351040053,dDHH,1,6nnn,ABUU,-156,221,-260,213,0.808,0.127829
206509101010001,263.86165984042,-25.528683926911,GALAXY,0.372,,,STAR,1.0,,,1.6941193641600525,3.7223846594624885,J173526.79-253143.3,263.8616462,-25.5287039,0.0388,0.0369,88.8,9.036,8.996,8.961,8.246,11.017,9.819,9.411,0.023,0.021,0.04,0.292,0.026,0.024,0.023,2633025801351047657,0000,0,000n,AAAB,-104,43,0,41,0.111,0.084588
206946414010088,267.07398271981,-28.468049748862,QSO,0.84,,,STAR,1.0,,,0.7045790398002726,-0.25891687908629735,J174817.76-282805.0,267.0740219,-28.4680677,0.0569,0.0548,154.1,8.457,8.575,9.232,7.827,9.395,8.854,8.599,0.028,0.03,,,0.026,0.049,0.025,2674028801351043646,0dhH,1,00nn,AAUU,-96,67,54,72,0.208,0.139933
207631001010001,272.63982953556,-26.032968310319,STAR,0.759,,,,,,,5.280798241426494,-3.3389624727266938,J181033.55-260158.5,272.6398212,-26.0329216,0.039,0.0389,91.8,6.231,6.344,6.484,6.697,6.664,6.533,6.456,0.084,0.024,0.018,0.106,0.024,0.029,0.023,2733025801351013100,dd00,1,4210,AAAA,-37,42,-76,41,0.182,0.170276
207641901010003,266.34417524063,-28.291183824034,QSO,0.441,,,STAR,1.0,,,0.5226218198795274,0.38175534928196675,J174522.59-281728.2,266.3441527,-28.291171,0.1443,0.1318,173.5,9.974,10.23,8.39,6.067,10.899,10.056,9.848,0.057,0.071,0.295,0.348,0.023,0.025,0.025,2657028801351056754,dddd,1,2110,AABB,-106,126,162,141,0.303,0.085072
207641906010030,265.72586094781,-28.451613510686,QSO,0.622,,,STAR,1.0,,,0.10103603911558884,0.7612372434316241,J174254.19-282705.7,265.7258248,-28.4515892,0.0675,0.065,151.1,8.897,8.832,8.498,6.345,9.565,9.415,9.345,0.033,0.033,0.083,0.127,0.033,0.037,0.045,2657028801351048215,dhdd,1,1110,AAAB,19,63,-109,63,1.183,0.143908
207641909010065,265.67729277811,-28.273214682026,GALAXY,0.52,,,,,,,0.23029066637619247,0.8914271233228981,J174242.55-281623.5,265.6773297,-28.2732071,0.0412,0.04,144.9,7.652,7.553,6.647,5.952,10.976,9.089,8.137,0.031,0.023,0.025,0.07,0.022,0.019,0.02,2657028801351060550,0000,0,4300,AAAA,-76,46,-265,45,0.03,0.120053
207841004010008,263.96594994633,-27.06757194362,STAR,0.663,,,,,,,0.44481990171242575,2.8161414844046795,J173551.83-270403.2,263.9659845,-27.0675663,0.0357,0.0342,92.6,6.984,7.096,7.151,7.104,7.715,7.333,7.183,0.052,0.021,0.019,0.11,0.019,0.038,0.023,2636027301351046235,0000,0,1110,AAAB,26,40,-9,80,0.2,0.112518
208016801010007,265.7082597849,-27.843854660199,STAR,0.88,,,,,,,0.6098794069291913,1.0940415296325416,J174249.97-275037.9,265.708238,-27.8438855,0.0387,0.0362,97.8,7.232,7.448,7.441,6.87,8.188,7.962,7.584,0.035,0.021,0.029,0.132,,,0.021,2653027301351002912,h000,1,3102,AAAB,-92,54,-61,49,0.337,0.130834
208016802010079,265.99112504014,-28.097386546976,GALAXY,0.551,,,STAR,1.0,,,0.5252020302260889,0.7483227441872459,J174357.86-280550.6,265.9911141,-28.0973899,0.0809,0.0771,161.0,9.409,9.653,11.02,8.532,13.259,11.137,10.187,0.036,0.043,,,0.047,0.053,0.039,2657028801351059209,0000,1,22nn,AAUU,-109,74,-84,75,0.926,0.036634
200017302010001,263.67709791502,-32.581688363897,STAR,0.851,,,,,,,355.6666102679134,0.04926277069983092,J173442.50-323453.9,263.677121,-32.5816645,0.0672,0.0598,82.3,5.408,5.366,5.277,3.821,5.53,5.52,5.538,0.183,0.068,0.032,0.108,0.02,0.02,0.016,2627033401351052125,000d,0,nnnn,BAAA,-1630,58,-27,55,0.091,0.11091
200855805010009,268.53933669417,-30.060820047367,QSO,0.653,,,,,,,359.9881775070881,-2.171475236281629,J175409.44-300338.8,268.5393652,-30.0607989,0.0381,0.0363,109.5,7.992,8.139,8.14,8.903,9.628,8.522,8.248,0.023,0.022,0.027,,0.035,0.024,0.03,2678030301351051874,ddd0,1,110n,AAAU,-53,40,-16,39,0.154,0.116954
200855815010006,268.694530849784,-30.1900398900138,QSO,0.604,,,STAR,1.0,,,359.94433155905887,-2.352573216122496,J175446.67-301124.1,268.6944788,-30.1900398,0.0457,0.0438,116.9,8.554,8.718,8.761,8.3,10.121,9.295,9.057,0.025,0.025,0.046,,0.028,0.03,0.023,2678030301351027271,000d,0,001n,AAAU,-24,42,50,42,0.065,0.162119
203006901010005,268.40517082018,-34.79671538709,STAR,0.514,,,STAR,1.0,,,355.83402527726275,-4.461590320823832,J175337.23-344748.2,268.4051278,-34.7967317,0.0436,0.0427,87.3,9.558,9.646,10.035,8.95,10.164,9.782,9.684,0.025,0.023,0.072,,0.024,0.025,0.023,2686034901351034824,0000,0,110n,AAAU,44,62,-34,60,0.034,0.140196
203006901010006,268.40333989414,-34.736835735203,STAR,0.545,,,,,,,355.88518385577646,-4.430183927944455,J175336.81-344412.6,268.4033763,-34.7368354,0.0353,0.0344,106.0,7.877,7.949,8.006,8.745,8.015,8.051,8.004,0.023,0.02,0.027,,0.019,0.049,0.027,2686034901351035192,000H,1,000n,AAAU,106,65,-162,51,0.152,0.10783
203006901010045,268.62967325932,-34.665022860987,GALAXY,0.464,,,STAR,1.0,,,356.0411729730715,-4.555076859748877,J175431.12-343954.2,268.6296716,-34.6650557,0.0471,0.0456,43.0,10.24,10.323,10.469,8.75,10.941,10.464,10.404,0.026,0.025,0.095,,0.022,0.021,0.019,2686034901351046119,0000,1,000n,AAAU,-247,70,86,70,0.149,0.118298
203042203010002,264.880101155172,-29.1647917294088,STAR,0.769,,,,,,,359.10367298836013,1.0128791901035723,J173931.21-290953.3,264.8800572,-29.1648113,0.0356,0.0338,88.7,5.692,6.044,5.985,5.42,7.209,6.566,6.384,0.11,0.027,0.016,0.049,0.021,0.04,0.02,2657028801351014028,hhdh,1,5n41,BAAA,-1097,41,96,39,0.135,0.15508
203058201010012,273.35641618778,-33.949088423907,STAR,0.719,,,STAR,1.0,,,358.5667489302485,-7.628961111617006,J181325.53-335656.8,273.3564163,-33.9491211,0.0394,0.0374,86.4,9.764,9.817,9.982,8.622,10.293,9.957,9.838,0.023,0.021,0.053,,0.024,0.024,0.019,2735033401351008338,0h00,1,000n,AAAU,-82,42,14,42,0.009,0.117698
203058201010059,273.46035935427,-33.58636149598,QSO,0.421,,,STAR,0.601,,,358.931310411549,-7.537056583536805,J181350.48-333510.9,273.4603537,-33.5863838,0.062,0.0585,112.3,12.669,12.76,12.291,8.643,13.255,12.796,12.74,0.028,0.037,,,0.024,0.022,0.026,2735033401351020451,0h00,0,11nn,AAUU,65,109,237,109,0.175,0.082115
203071101010001,267.98331806946,-29.85388980217,QSO,0.718,,,STAR,1.0,,,359.92204989795374,-1.6513618575866895,J175156.00-295114.0,267.9833372,-29.8539098,0.0496,0.0487,48.5,8.526,8.646,8.687,8.742,9.616,8.911,8.661,0.026,0.026,0.056,,0.024,0.028,0.025,2678030301351046542,hhh0,1,211n,AAAU,76,50,244,49,0.138,0.093447
204056406010033,261.29875608119,-36.436621245137,QSO,0.605,,,STAR,1.0,,,351.3703822841282,-0.44119298405629404,J172511.68-362611.8,261.2987033,-36.4366145,0.0713,0.0683,144.9,10.579,10.611,9.489,8.492,14.538,13.061,11.699,0.033,0.038,,,,0.069,,2611036401351031711,hhHP,1,11nn,AAUU,-35,69,-75,73,0.699,0.15474
205110107010004,264.92019541294,-28.8534130102722,STAR,0.73,,,STAR,1.0,,,359.3860433498219,1.1488261732380074,J173940.85-285112.1,264.9202371,-28.8533811,0.0424,0.0407,95.8,8.005,8.082,8.163,6.577,8.555,8.275,8.141,0.024,0.023,0.057,0.102,0.026,0.027,0.018,2657028801351039063,dddd,1,1110,AAAA,-40,48,72,62,0.111,0.17449
205539502010011,266.784409539058,-32.2518192003636,STAR,0.546,,,STAR,1.0,,,357.3357148829789,-2.0011400892392004,J174708.26-321506.5,266.7844388,-32.2518273,0.0439,0.0417,115.8,8.745,8.859,8.531,6.972,9.59,9.036,8.867,0.025,0.023,0.063,0.14,0.022,0.025,0.022,2664031901351021428,dd00,0,2111,AAAB,26,39,-163,39,0.089,0.093877
205544401010001,258.75920791133,-33.561692948792,STAR,0.843,,,,,,,352.5405805635386,2.908737591081781,J171502.20-333341.9,258.7591892,-33.5616534,0.0363,0.0352,149.4,6.886,6.924,6.838,6.625,7.92,7.283,7.068,0.05,0.022,0.018,0.078,0.023,0.04,0.026,2591033401351015540,0000,0,0000,AAAA,-123,38,-225,38,2.13,0.15307
205544401010002,258.83020387275,-33.548415042609,STAR,0.868,,,,,,,352.585836118932,2.8683158469732293,J171519.25-333254.3,258.8302238,-33.5484179,0.0416,0.0391,164.3,5.426,5.198,5.174,4.693,5.655,5.683,5.591,0.123,0.055,0.015,0.032,0.021,0.027,0.018,2591033401351015523,dddd,0,0111,BAAA,631,48,-71,46,0.06,0.060679
205547201010001,264.798138998255,-30.3438670978449,GALAXY,0.48,,,,,,,358.0677186966851,0.44519720359458437,J173911.55-302037.7,264.7981439,-30.3438188,0.0416,0.038,110.6,6.999,6.998,7.226,7.83,8.6,7.823,7.428,0.037,0.021,0.047,,0.021,0.027,0.023,2643030301351029359,00hH,0,011n,AAAU,73,43,60,42,0.269,0.174586
206048602010044,273.548449609867,-32.8834056709983,STAR,0.654,,,STAR,0.991,,,359.5935613158921,-7.275736780043638,J181411.61-325300.1,273.5484054,-32.883387,0.0713,0.0694,144.2,13.251,13.508,12.218,8.258,14.173,13.4,13.299,0.031,0.052,0.513,,0.03,0.036,0.03,2735033401351048699,0000,0,11nn,AACU,-136,135,-208,144,0.374,0.149534
206048602010095,273.541059828741,-32.749502218301,STAR,0.56,,,,,,,359.71015031693565,-7.207974608794756,J181409.85-324458.4,273.5410634,-32.749556,0.0475,0.0448,115.1,11.398,11.519,11.378,8.319,12.554,11.864,11.668,0.025,0.026,0.186,,0.026,0.025,0.021,2735033401351062534,hh00,1,22nn,AABU,-541,57,200,57,0.734,0.193939
206048602010107,273.842620979784,-32.8261001594192,STAR,0.684,,,STAR,1.0,,,359.7603175055855,-7.468094516360005,J181522.23-324933.8,273.8426389,-32.8260694,0.038,0.0378,15.1,10.101,10.049,9.866,8.125,11.074,10.436,10.201,0.022,0.021,0.053,,0.021,0.022,0.019,2735033401351057756,0h00,0,nnnn,AAAU,-2,39,-32,38,0.882,0.123178
206048602015023,273.526794450908,-32.9411895541685,STAR,0.555,,,GALAXY,0.825,,,359.53346504960973,-7.286503555049514,J181406.44-325628.2,273.5268536,-32.9411935,0.0537,0.0506,114.2,12.418,12.545,11.635,8.654,12.89,12.529,12.527,0.026,0.031,0.274,0.406,0.022,0.023,0.024,2735033401351047827,0h00,0,11nn,AABC,18,78,-193,82,0.073,0.179156
206049802010001,268.7090198863,-33.385374890847,STAR,0.951,,,STAR,1.0,,,357.1845007778573,-3.970390119556842,J175450.16-332307.3,268.7090056,-33.3853682,0.0444,0.0429,95.3,9.767,9.655,9.642,8.878,10.744,10.103,9.884,0.026,0.022,0.059,,0.024,0.024,0.021,2681033401351029966,0000,0,000n,AAAU,-31,55,-50,62,1.458,0.049204
206527601010060,269.88083683576,-39.000709840642,STAR,0.528,,,STAR,1.0,,,352.7440206155639,-7.563768717852938,J175931.39-390002.6,269.8808022,-39.0007394,0.036,0.0319,89.8,8.892,8.951,8.946,8.515,9.17,9.007,8.952,0.021,0.019,0.034,0.379,0.023,0.023,0.023,2690039401351051367,0h00,0,nnnn,AAAC,-72,40,41,37,0.268,0.143996
206533201010183,263.766586687469,-33.5020917630417,GALAXY,0.696,,,,,,,354.9333229836799,-0.5120503006209848,J173503.98-333007.5,263.7666126,-33.5020989,0.0413,0.0383,103.9,6.374,6.758,6.765,6.454,7.744,7.381,7.174,0.058,0.021,0.047,0.229,0.019,0.027,0.021,2645033401351013574,00dD,1,311n,AAAB,-53,40,-63,39,0.405,0.08208
206707303015079,265.88521925963,-33.326315221545,QSO,0.538,,,STAR,1.0,,,356.02401209845283,-1.915324300714216,J174332.44-331934.5,265.8851833,-33.3262705,0.0401,0.0378,105.6,8.263,8.37,8.336,7.868,10.608,9.109,8.558,0.023,0.021,0.066,0.33,0.022,0.022,0.021,2663033401351033885,hhh0,1,211n,AAAB,78,43,-31,42,0.198,0.19384
206940402010002,267.586146482157,-30.4477109088558,QSO,0.444,,,STAR,1.0,,,359.23582957128895,-1.6594087936561186,J175020.66-302651.8,267.5861007,-30.4477441,0.0626,0.0597,168.9,9.333,9.47,9.391,7.464,10.251,9.638,9.454,0.032,0.03,0.405,0.233,0.022,0.027,0.026,2678030301351017337,hhDD,1,20nn,AACB,-240,82,-137,76,0.213,0.18559
207416201010003,271.208553755586,-34.3029209908527,QSO,0.589,,,STAR,0.714,,,357.4061896938091,-6.2292603644163265,J180450.04-341810.4,271.2085359,-34.3029042,0.0429,0.0401,103.3,11.303,11.46,11.928,8.943,12.148,11.641,11.495,0.023,0.023,0.29,,0.027,0.031,0.032,2704034901351056252,0000,1,00nn,AABU,-305,52,-59,54,0.663,0.08047
207451302010012,266.370685620789,-31.359369723081,STAR,0.667,,,STAR,1.0,,,357.91611760698873,-1.2372752481277283,J174528.96-312133.6,266.3706914,-31.3593583,0.042,0.0395,99.9,8.09,8.162,8.31,8.414,8.813,8.368,8.227,0.024,0.022,0.081,,0.03,0.061,0.023,2664031901351045825,HH00,1,nn1n,AAAU,-15,47,81,53,0.117,0.044784
207631802010003,263.68250019986,-30.090622833821,QSO,0.476,,,STAR,1.0,,,357.7634963047976,1.394401294681626,J173443.80-300526.1,263.682533,-30.0905971,0.0619,0.0584,68.1,9.048,9.098,9.877,8.791,10.708,9.809,9.517,0.03,0.031,0.172,,0.03,0.037,0.037,2643030301351041017,hh00,1,nnnn,AABU,-133,68,137,50,0.153,0.137991
207631803010001,266.47507154436,-31.250899280424,STAR,0.841,,,STAR,1.0,,,358.0551935558149,-1.2569598398105548,J174554.01-311503.3,266.4750633,-31.2509431,0.0593,0.0575,131.9,9.434,9.546,9.807,6.436,10.27,9.619,9.472,0.031,0.029,0.338,,0.023,0.025,0.025,2664031901351059891,hhdd,1,03nn,AABU,252,65,254,70,0.246,0.159853
207641915010059,264.874088736172,-29.0147142183505,GALAXY,0.622,,,STAR,1.0,,,359.2279623972583,1.0971896094676035,J173929.79-290052.8,264.8741372,-29.0146812,0.0507,0.0495,112.4,8.341,8.492,7.997,7.942,11.471,9.671,8.879,0.027,0.028,0.042,0.333,0.036,0.037,0.032,2657028801351014781,pp0d,1,211n,AAAB,-10,49,82,49,0.455,0.193275
207644301010006,266.179491480018,-32.8183499022631,QSO,0.585,,,STAR,1.0,,,356.5862419666857,-1.8598496706174976,J174443.08-324906.0,266.1795003,-32.8183356,0.0388,0.036,98.9,8.004,8.074,8.109,8.062,9.262,8.481,8.201,0.023,0.021,0.035,,0.024,0.036,0.015,2663033401351059742,0ddd,0,000n,AAAU,123,43,-149,41,0.126,0.058073
207703803010034,271.329329382604,-34.3026339418863,STAR,0.706,,,STAR,1.0,,,357.45465317075576,-6.316629210100195,J180519.03-341809.6,271.3293221,-34.3026717,0.0366,0.0347,86.9,8.951,8.985,8.962,8.568,9.287,9.057,9.021,0.023,0.02,0.029,,0.021,0.021,0.02,2704034901351056980,0000,0,001n,AAAU,-6,38,55,37,0.081,0.13754
208016816010040,267.67417424617,-30.271227624411,GALAXY,0.556,,,STAR,1.0,,,359.42639968451783,-1.6343333047786077,J175041.79-301616.4,267.6741594,-30.2712227,0.0448,0.0442,170.7,8.368,8.511,8.369,8.203,10.432,9.082,8.57,0.025,0.026,0.036,0.392,0.022,0.025,0.021,2678030301351032898,pPPP,0,1nnn,AAAC,-10,49,-137,49,0.069,0.04941
200074208010024,209.89549510996,-61.705565778777,STAR,0.533,,,STAR,1.0,,,310.9143955124583,0.10551365076992592,J135934.92-614219.8,209.895519,-61.7055158,0.1028,0.0974,178.7,12.343,13.67,11.378,8.487,12.841,12.524,12.469,0.042,0.068,,,0.021,0.027,0.03,2084062101351047382,dDHP,1,3nnn,AAUU,6,215,-221,211,0.353,0.184484
200074212010001,209.00227444598,-60.220264654656,STAR,0.589,,,STAR,1.0,,,310.87255243346783,1.652192887806312,J135600.53-601313.1,209.0022366,-60.2203161,0.0378,0.0347,120.5,9.751,9.83,9.613,8.713,10.739,10.176,9.988,0.022,0.02,0.104,0.501,0.022,0.024,0.019,2100060601351035498,0000,0,110n,AAAC,-145,35,-79,34,0.147,0.197216
200074212010005,208.7732280982,-60.371478118196,STAR,0.589,,,STAR,0.763,,,310.72530826910713,1.533521142055911,J135505.57-602217.2,208.7732427,-60.3714524,0.0497,0.0492,7.1,11.086,11.14,11.4,9.058,11.893,11.425,11.253,0.027,0.026,,,0.023,0.03,0.026,2100060601351035897,0000,0,11nn,AAUU,32,45,76,46,0.383,0.0962
200074213010006,209.09262439644,-59.85425048907,STAR,0.647,,,STAR,1.0,,,311.0071937011368,1.9955478492019747,J135622.23-595115.3,209.0926524,-59.8542704,0.0416,0.0379,174.4,10.255,10.305,11.067,8.822,10.783,10.399,10.3,0.023,0.021,0.276,,0.026,0.022,0.021,2100060601351055958,00hH,0,nnnn,AABU,-36,35,153,35,0.41,0.087794
200074213010051,208.97412104136,-59.934999147261,GALAXY,0.64,,,STAR,0.99,,,310.92953542305446,1.9320674149048023,J135553.78-595605.9,208.9741234,-59.9349838,0.0469,0.0449,143.8,11.342,11.39,11.776,8.179,11.886,11.734,11.602,0.025,0.024,0.494,,0.027,0.034,0.03,2100060601351058553,000O,1,11nn,AACU,267,46,311,47,0.349,0.055444
200074217010005,210.63111576471,-61.657484442514,STAR,0.769,,,STAR,1.0,,,311.26355990669884,0.05896750591390167,J140231.44-613926.8,210.6310327,-61.6574542,0.0638,0.0611,3.9,10.869,10.769,8.668,4.916,12.108,11.436,11.161,0.029,0.038,0.201,0.325,0.026,0.029,0.024,2115062101351040758,ddh0,1,3110,AABB,79,50,-269,52,0.458,0.178914
200221401010020,248.60599560274,-48.069581749483,GALAXY,0.524,,,STAR,1.0,,,336.45912650731856,-0.25749476093124185,J163425.43-480410.3,248.605991,-48.0695552,0.0915,0.0842,3.7,10.306,10.041,5.622,0.308,14.006,12.023,10.991,0.043,0.072,0.042,0.051,0.048,0.04,0.027,2474048501351047369,hhdd,1,4314,AAAA,-197,70,1099,77,0.851,0.096134
200453409015006,219.785168687933,-60.6327140102216,QSO,0.583,,,STAR,1.0,,,315.76318111640785,-0.47244379182616963,J143908.45-603757.8,219.7852381,-60.6327303,0.0708,0.0675,17.7,11.1,11.22,10.463,8.475,12.498,11.681,11.366,0.035,0.035,,,0.029,0.027,0.023,2190060601351028007,hdh0,0,00nn,AAUU,-66,67,-89,79,0.157,0.135936
200515501010005,167.773719324356,-60.7774383163058,STAR,0.79,,,STAR,1.0,,,290.98604142653585,-0.2543738607837973,J111105.68-604638.9,167.7736738,-60.7774735,0.0458,0.0443,149.6,11.208,11.223,12.645,9.423,11.872,11.357,11.204,0.025,0.025,0.494,,0.022,0.022,0.019,1680060601351014723,00H0,0,00nn,AACU,28,26,2,26,0.137,0.14987
200879402010001,206.635625622793,-62.9233903192476,QSO,0.525,,,,,,,309.1550455029169,-0.7193572033193109,J134632.56-625524.1,206.6356924,-62.9233854,0.0394,0.0361,116.2,6.532,6.267,5.69,5.241,7.35,7.184,6.95,0.061,0.024,0.022,0.089,0.027,0.033,0.023,2080063701351060203,HHdD,1,nn0n,AAAA,20,35,-51,34,0.009,0.110791
200879402010048,206.340420442757,-62.8242549485214,STAR,0.645,,,STAR,1.0,,,309.04422276296515,-0.5941987603953542,J134521.70-624927.1,206.3404492,-62.8242051,0.0737,0.0705,29.9,11.425,11.612,9.281,6.808,11.79,11.474,11.429,0.036,0.035,,0.421,0.023,0.021,0.026,2052062101351000752,00PD,1,nnnn,AAUC,-284,72,217,74,0.246,0.185583
200921401010014,206.56147444965,-60.373308735397,STAR,0.619,,,STAR,0.933,,,309.6597760038656,1.7805354181375588,J134614.76-602224.0,206.5615326,-60.3733396,0.0641,0.0619,172.2,11.848,11.986,12.35,9.153,12.266,11.991,11.943,0.031,0.034,,,0.029,0.025,0.019,2070060601351040350,00d0,0,01nn,AAUU,-55,61,-96,65,0.172,0.151843
200928201010001,195.698605832239,-63.8357237278477,QSO,0.55,,,,,,,304.18360268650883,-0.9915795610372115,J130247.65-635008.6,195.6985542,-63.8357354,0.032,0.0303,115.5,6.783,6.462,5.637,4.741,8.026,7.699,7.248,0.038,0.021,0.015,0.03,0.027,0.055,0.02,1948063701351020616,hhdd,0,1011,AAAA,-80,29,-112,28,0.088,0.092132
200928201010015,195.70524957743,-63.874042768222,GALAXY,0.666,,,GALAXY,0.531,,,304.1848361186128,-1.0299904770027195,J130249.27-635226.6,195.7053108,-63.8740637,0.0498,0.0489,173.9,11.352,10.991,9.665,7.73,13.949,12.714,12.076,0.027,0.025,0.075,0.124,0.024,0.022,0.031,1948063701351021342,00hp,0,110n,AAAB,-155,43,-116,45,0.235,0.122834
200936705010007,258.30014908809,-39.6937027055853,STAR,0.544,,,,,,,347.3486686360346,-0.37783050098725646,J171312.02-394137.4,258.3000978,-39.6937306,0.0384,0.0362,118.8,7.774,7.834,7.731,5.929,8.291,8.096,8.004,0.025,0.02,0.038,0.062,0.023,0.042,0.033,2574039401351022394,dhdd,1,3100,AAAA,-128,72,-105,42,0.182,0.173912
200936705010041,258.572078716152,-39.8951636403601,GALAXY,0.774,,,,,,,347.30782283673386,-0.6651845256027018,J171417.28-395342.4,258.5720173,-39.8951351,0.0451,0.0417,89.1,9.059,9.109,9.026,8.427,10.612,9.736,9.385,0.025,0.023,0.097,,0.034,0.029,0.029,2593039401351010902,dhp0,1,000n,AAAU,-69,47,-90,42,0.148,0.198284
201032609010001,185.947688009535,-64.0486305591031,STAR,0.936,,,STAR,1.0,,,299.912378370635,-1.3390924658779217,J122347.43-640255.0,185.9476528,-64.0486156,0.0335,0.0318,143.3,8.118,8.137,8.065,8.322,8.96,8.392,8.241,0.023,0.019,0.021,0.185,0.03,0.031,0.04,1849063701351020279,00d0,0,110n,AAAB,-53,30,-16,30,0.394,0.077355
201091101010001,181.3279287155,-62.052804238587,QSO,0.812,,,STAR,1.0,,,297.5560112198078,0.33652981347866917,J120518.71-620310.0,181.3279943,-62.0528005,0.0369,0.0352,136.7,9.579,9.287,8.466,7.384,10.199,10.079,9.834,0.023,0.02,0.03,0.115,0.022,0.023,0.021,1799062101351024486,00h0,0,9931,AAAB,14,24,24,24,0.103,0.111556
201091101010004,181.3552695278,-62.084529596369,QSO,0.607,,,STAR,1.0,,,297.5742523678489,0.3075853275819448,J120525.27-620504.2,181.355298,-62.084515,0.0418,0.0396,140.1,10.695,10.772,10.185,8.99,11.759,11.085,10.87,0.023,0.022,0.09,,0.023,0.025,0.021,1799062101351024669,0h00,1,110n,AAAU,53,26,17,26,0.096,0.071275
201091101010008,181.18983038921,-61.844216300877,QSO,0.618,,,STAR,1.0,,,297.45478285723374,0.5301269532596865,J120445.56-615039.3,181.1898406,-61.8442567,0.0417,0.04,133.3,10.701,10.775,10.955,8.724,11.737,11.106,10.935,0.024,0.022,0.134,,0.022,0.024,0.026,1799062101351047236,0000,0,880n,AABU,-17,25,22,26,0.043,0.146455
201091101010052,181.40575173579,-61.930462597647,GALAXY,0.558,,,GALAXY,0.928,,,297.5702835937902,0.4634131089796485,J120537.36-615549.6,181.4056698,-61.9304547,0.1808,0.1147,29.7,12.852,13.029,10.797,8.911,14.197,12.904,13.362,0.09,0.092,,,,,0.06,1799062101351024651,h000,1,nnnn,AAUU,,,,,0.46,0.141684
201094701010001,160.322968354592,-59.6769199731695,STAR,0.651,,,,,,,287.1741929613041,-0.8475470990317925,J104117.50-594036.7,160.3229337,-59.6768829,0.0732,0.072,75.3,5.061,4.652,4.219,3.024,5.705,5.578,5.389,0.215,0.113,0.023,0.134,0.029,0.038,0.018,1612059101351006566,00dD,0,011n,BBAB,-70,38,-44,37,0.146,0.147526
201094701010007,160.214386935454,-59.6220986174026,STAR,0.573,,,STAR,0.799,,,287.0997536699626,-0.8257408890657418,J104051.45-593719.7,160.2143993,-59.6221393,0.1914,0.1747,37.2,12.575,12.718,9.42,5.834,13.126,12.519,12.372,0.074,0.11,,,0.026,0.028,0.03,1612059101351007906,P0DD,0,n1nn,ABUU,0,89,0,98,0.047,0.148099
201094801010101,190.880265191408,-63.0296892703207,GALAXY,0.533,,,STAR,0.835,,,302.03443285513407,-0.17173860799388035,J124331.28-630146.8,190.8803345,-63.0296841,0.1577,0.1477,13.4,13.077,13.433,11.661,8.951,14.282,13.808,13.691,0.06,0.086,,,0.068,0.079,0.099,1915063701351059948,dddD,0,12nn,AAUU,-165,157,-7,171,1.778,0.11466
201094802010028,190.985326976253,-63.0812335426245,QSO,0.482,,,STAR,1.0,,,302.08356055195463,-0.22183529914914646,J124356.45-630452.4,190.9852128,-63.0812396,0.0384,0.035,138.4,9.208,9.208,9.087,7.87,9.84,9.505,9.394,0.022,0.02,0.042,0.134,0.022,0.022,0.026,1915063701351057959,0hdH,0,000n,AAAB,27,34,48,34,0.08,0.187347
201094901010001,253.541949766391,-41.8250313504258,STAR,0.907,,,,,,,343.4644683224857,1.1839047346581222,J165410.05-414930.1,253.5419153,-41.8250316,0.0446,0.043,115.3,5.146,5.236,5.378,4.921,5.647,5.583,5.502,0.105,0.049,0.017,0.046,0.03,0.038,0.027,2528042501351050580,h000,1,33nn,AAAA,657,59,-2133,54,0.022,0.092472
201094901010009,253.608317091746,-41.8320372093677,GALAXY,0.651,,,,,,,343.49020100429516,1.141093477307625,J165425.99-414955.4,253.6083226,-41.832083,0.0371,0.0334,91.8,6.509,6.808,6.864,6.33,6.975,6.927,6.908,0.054,0.02,0.022,0.109,0.029,0.042,0.021,2528042501351050819,0000,1,31nn,AAAB,608,37,39,34,0.323,0.165465
201094901010018,253.582565147928,-41.8359804094564,STAR,0.737,,,,,,,343.47504703046616,1.153509156297629,J165419.83-415009.4,253.5826322,-41.8359708,0.0392,0.0363,102.5,7.619,7.702,8.011,7.756,7.678,7.656,7.659,0.026,0.021,0.031,,0.019,0.047,0.027,2528042501351050500,h0h0,1,99nn,AAAU,-45,39,-32,37,0.202,0.183089
201094901010029,253.582088277058,-41.8199004891476,QSO,0.541,,,,,,,343.4873110897114,1.163918020848521,J165419.70-414911.5,253.5820888,-41.8198814,0.0538,0.0498,53.7,5.117,4.681,4.173,3.43,5.963,5.808,5.389,0.166,0.105,0.016,0.03,0.019,0.044,0.024,2528042501351050349,0000,0,00nn,BAAA,422,106,-303,99,0.063,0.06881
201095301010001,161.43381284646,-59.4078109670149,STAR,0.93,,,,,,,287.5439540943434,-0.344787240092543,J104544.12-592428.1,161.4338346,-59.4078123,0.0461,0.0409,136.1,6.476,6.415,6.634,4.454,6.643,6.607,6.54,0.078,0.022,0.174,,0.023,0.044,0.021,1612059101351010955,00OO,0,20nn,AABU,-67,25,86,25,0.065,0.040056
201095301010008,161.842941912885,-59.3940027120438,STAR,0.773,,,STAR,0.991,,,287.72235925081947,-0.23646189804466908,J104722.30-592338.2,161.8429185,-59.3939595,0.0639,0.0626,2.5,11.256,11.354,9.621,5.817,12.151,11.691,11.586,0.03,0.038,,0.255,0.025,0.027,0.026,1612059101351013929,ddHp,1,99nn,AAUB,45,30,-130,31,0.999,0.161289
201100127010067,171.105546952124,-59.3886881037422,STAR,0.95,,,STAR,1.0,,,292.04910020516013,1.6319445673277833,J112425.33-592319.3,171.1055485,-59.3886975,0.0376,0.0354,128.4,10.571,10.584,10.604,9.378,11.675,10.959,10.758,0.023,0.02,0.065,,0.029,0.026,0.024,1699059101351023765,ddh0,0,110n,AAAU,2,25,83,25,0.28,0.033963
201110101010002,170.31282552041,-60.623800881046,GALAXY,0.583,,,STAR,0.764,,,292.09032864308716,0.3354939712501284,J112115.09-603725.7,170.3128965,-60.6238136,0.0391,0.0365,137.2,9.933,9.854,9.967,9.342,10.736,10.311,10.093,0.023,0.02,0.092,,0.024,0.023,0.021,1710060601351030921,00PP,0,89nn,AAAU,50,24,23,24,0.102,0.133467
201111501010006,141.586265161813,-48.0584657737296,STAR,0.828,,,STAR,0.602,,,271.4851756459782,1.8891017281183844,J092620.68-480330.5,141.5861849,-48.0584801,0.0441,0.0421,135.0,12.558,12.615,12.467,9.139,13.213,12.718,12.6,0.024,0.024,,,0.026,0.023,0.025,1417048501351044864,hh00,0,00nn,AAUU,98,50,52,52,0.111,0.199969
201112102010004,165.493584636319,-60.9472439154455,GALAXY,0.662,,,QSO,0.993,,,290.0320779693527,-0.8471076301650866,J110158.44-605650.1,165.4935292,-60.9472738,0.1226,0.1106,18.7,13.476,11.896,7.996,4.785,15.084,14.707,14.744,0.135,0.058,0.115,0.03,0.065,0.078,0.124,1650060601351018467,00pp,1,1113,BABA,110,58,-212,59,1.579,0.144774
201125807010038,160.992485074787,-59.4977044913526,GALAXY,0.47,,,,,,,287.38758047276485,-0.5290199347765551,J104358.19-592951.8,160.9924715,-59.4977424,0.0553,0.0479,175.8,11.787,11.625,3.82,,13.567,12.572,12.158,0.113,0.246,,,0.025,0.024,0.026,1612059101351011547,00d0,3,21nn,BBUZ,0,138,0,132,0.209,0.138773
201126901010036,129.04691842179,-42.474848724875,STAR,0.659,,,STAR,0.947,,,261.48121004546147,-1.044054353213221,J083611.27-422829.5,129.0469762,-42.4748773,0.0613,0.0468,175.6,13.24,13.303,11.958,8.717,13.89,13.388,13.255,0.029,0.032,,,0.04,0.037,0.05,1294042501351032765,0h00,0,nnnn,AAUU,-44,54,-337,61,0.227,0.184728
201128703010002,132.510220613754,-45.6949601095299,STAR,0.929,,,,,,,265.5500408891399,-1.0763662189786265,J085002.45-454141.7,132.5102266,-45.6949204,0.0338,0.0326,129.9,7.719,7.798,7.668,7.164,8.222,7.892,7.768,0.026,0.02,0.019,0.083,0.027,0.033,0.021,1320045501351020817,0000,0,0100,AAAA,48,31,27,30,0.36,0.143673
201128703010050,131.934921379202,-45.6255972522413,QSO,0.868,,,STAR,0.999,,,265.2424651371474,-1.344546787982347,J084744.38-453732.1,131.9349427,-45.6256107,0.0609,0.0597,23.5,13.66,13.604,10.826,7.933,14.738,14.153,13.791,0.03,0.035,0.153,0.169,0.04,0.063,0.055,1320045501351019028,0000,0,100n,AABB,92,73,61,78,0.343,0.072348
201128703010066,132.480366754255,-45.7702631226397,QSO,0.528,,,,,,,265.5951101621371,-1.1401964311260666,J084955.30-454612.8,132.4804274,-45.7702417,0.0394,0.0357,126.3,10.021,10.022,10.157,9.102,11.421,10.524,10.194,0.023,0.021,0.094,,0.021,0.025,0.022,1320045501351020889,0000,0,020n,AAAU,54,33,10,33,0.049,0.170705
201128705010010,133.24941869642,-47.263200799354,QSO,0.574,,,STAR,0.538,,,267.0835734965961,-1.6830604019251554,J085259.87-471547.4,133.249478,-47.263194,0.05,0.0471,160.8,12.609,12.683,11.755,9.007,13.528,12.985,12.83,0.027,0.026,,,0.029,0.034,0.035,1330047001351018640,0h00,1,11nn,AAUU,146,51,-78,53,0.422,0.146879
201128705015016,133.22146358352,-47.402216924159,QSO,0.583,,,STAR,1.0,,,267.1782743126946,-1.7866191862681786,J085253.16-472407.9,133.2215198,-47.4022014,0.0434,0.0413,129.6,12.711,12.592,12.527,9.267,13.709,13.052,12.775,0.024,0.023,,,0.026,0.029,0.03,1330047001351019752,0h00,0,00nn,AAUU,55,49,-6,50,0.191,0.147986
201281204015042,228.078673957644,-59.1416675634072,QSO,0.444,,,STAR,0.988,,,320.14062190792043,-1.0602344423330217,J151218.90-590830.0,228.0787566,-59.1416881,0.1897,0.1705,10.5,12.9,13.187,9.374,7.517,13.632,13.053,12.972,0.068,0.109,,,0.033,0.035,0.039,2275059101351030532,0000,0,00nn,AAUU,-262,168,133,192,0.905,0.16953
201285311010003,248.08273251208,-47.7917304071925,GALAXY,0.69,,,,,,,336.42451827249084,0.18851377472181474,J163219.84-474730.2,248.0826719,-47.7917367,0.0355,0.0335,113.1,6.701,6.356,5.772,4.172,12.21,9.768,8.321,0.042,0.022,0.026,0.041,0.026,0.026,0.022,2474048501351050677,dddD,1,661n,AAAA,133,35,-37,22,0.191,0.148393
201403501010001,206.00391426347,-61.366427967085,STAR,0.873,,,,,,,309.18885367958507,0.8649546290032921,J134400.94-612158.9,206.0039448,-61.3663832,0.0566,0.0523,70.4,4.747,4.621,4.753,4.655,5.671,5.103,4.884,0.219,0.103,0.016,0.045,0.019,0.047,0.026,2052062101351050951,0000,0,0111,BAAA,100,63,328,59,0.172,0.169546
201433801010010,238.82602869488,-53.185519937084,QSO,0.772,,,STAR,1.0,,,328.4509534121584,0.3229458799990871,J155518.25-531108.0,238.826055,-53.1855646,0.0552,0.0532,144.0,9.933,9.991,9.164,6.838,10.505,10.434,10.373,0.026,0.03,0.331,,,,0.034,2391053101351014724,dddH,1,870n,AABU,84,50,-84,50,0.703,0.170466
201477501015026,132.908696322283,-46.1788199848758,STAR,0.436,,,STAR,1.0,,,266.09983743980507,-1.1699278553437502,J085138.08-461043.6,132.9086955,-46.1787805,0.0526,0.0419,164.3,11.627,11.578,11.787,8.826,12.906,12.13,11.873,0.028,0.027,,,0.046,0.05,0.048,1320045501351000179,0h00,0,nnnn,AAUU,-7,32,-37,37,0.046,0.142176
201486901010002,257.16861372622,-39.990053465729,QSO,0.72,,,STAR,1.0,,,346.5953543008551,0.14672997718464972,J170840.46-395924.2,257.1686127,-39.9900692,0.0438,0.0394,95.0,8.409,8.395,8.413,6.583,9.394,8.88,8.613,0.024,0.022,0.14,,0.026,0.059,0.023,2574039401351007782,dddh,1,111n,AABU,214,44,-10,40,0.018,0.056749
201500201010021,210.5860759574,-60.352490331676,STAR,0.622,,,STAR,0.935,,,311.5966720206356,1.3209274709384786,J140220.66-602108.8,210.5860918,-60.3524506,0.1923,0.1731,26.2,13.259,13.752,10.818,8.785,13.866,13.355,13.271,0.082,0.08,,,0.028,0.031,0.043,2100060601351045247,0000,0,00nn,AAUU,161,173,340,189,0.265,0.145742
201511002015009,215.095092843426,-60.889520821778,STAR,0.714,,,,,,,313.5404850072428,0.13702503551490564,J142022.81-605322.3,215.0950778,-60.8895438,0.0364,0.0343,115.0,6.092,6.691,6.101,4.517,7.102,6.988,6.862,0.052,0.021,0.026,0.054,0.024,0.051,0.023,2160060601351014228,hhhh,1,3110,AAAA,-8,32,-276,31,0.408,0.086744
201511002015026,215.091617010779,-61.0814458407892,QSO,0.643,,,,,,,313.47426464420647,-0.04312191890536729,J142021.97-610453.0,215.0915819,-61.0814007,0.04,0.0368,124.0,7.924,7.949,8.135,6.822,9.597,8.612,8.204,0.026,0.021,0.091,,0.021,0.046,0.027,2160060601351007066,hhd0,0,011n,AAAU,0,34,0,34,0.132,0.173622
201525701010067,165.73950522622,-60.853848841739,QSO,0.541,,,STAR,1.0,,,290.1032518804649,-0.713087307430033,J110257.45-605113.9,165.7394077,-60.8538704,0.0406,0.038,133.9,9.849,9.943,10.253,7.662,10.985,10.301,10.1,0.023,0.021,0.144,0.288,0.033,0.03,0.024,1650060601351017478,hhPD,1,11nn,AABB,26,24,-9,24,0.127,0.187839
201623627330037,132.699291194983,-45.6313219755029,QSO,0.848,,,GALAXY,0.999,,,265.58471785507396,-0.9338607418343574,J085047.82-453752.6,132.6992714,-45.6312836,0.0472,0.0452,143.7,12.728,12.737,12.259,9.075,13.645,13.013,12.933,0.025,0.025,0.357,,0.028,0.024,0.031,1320045501351021165,dd00,0,11nn,AACU,135,54,-30,57,0.098,0.146893
202010002010074,247.9743532112,-48.899836707217,QSO,0.53,,,,,,,335.5657991819808,-0.5155489274947673,J163153.85-485359.5,247.9744148,-48.8998734,0.1092,0.1028,175.0,11.337,11.495,10.56,7.191,13.482,12.556,12.09,0.051,0.052,,,0.051,0.048,0.044,2474048501351021186,hh00,1,41nn,AAUU,382,101,-492,109,1.894,0.196691
202042201010002,122.16364965466,-36.083807390498,STAR,0.954,,,STAR,1.0,,,253.19535046637844,-1.7643081866152566,J080839.27-360501.5,122.163628,-36.0837765,0.0303,0.0291,115.4,8.424,7.962,5.461,4.007,9.529,8.88,8.708,0.023,0.02,0.014,0.025,0.023,0.022,0.024,1212036401351052105,0dd0,0,1100,AAAA,0,33,0,34,0.192,0.127919
202042701010003,238.29334883041,-56.44819661355,QSO,0.569,,,STAR,0.972,,,326.13546383926405,-1.9964219221721105,J155310.38-562653.4,238.2932802,-56.4481857,0.0467,0.0449,114.0,11.26,11.397,11.941,8.834,12.505,11.758,11.513,0.025,0.026,,,0.021,0.022,0.021,2373056101351024168,000p,1,74nn,AAUU,32,49,45,49,0.271,0.142026
202070501010015,228.563323238241,-59.4433258258664,STAR,0.926,,,STAR,1.0,,,320.1967704821583,-1.4463635282276046,J151415.19-592636.1,228.5633285,-59.4433703,0.04,0.0388,107.7,10.401,10.292,10.101,8.915,11.525,10.898,10.635,0.024,0.021,0.081,,0.032,0.03,0.029,2275059101351023893,0000,1,420n,AAAU,-261,39,-74,39,0.347,0.160334
203025602010001,250.37882334879,-46.51365330933,STAR,0.898,,,STAR,1.0,,,338.4199261135604,-0.11037561896881742,J164130.90-463048.9,250.3787818,-46.5136105,0.0519,0.0497,128.4,9.061,9.105,8.899,5.688,9.761,9.298,9.129,0.027,0.027,,,0.024,0.024,0.02,2509047001351040340,hhdD,0,00nn,AAUU,12,47,-83,47,0.305,0.185388
203040101010001,122.94195495837,-35.351331106498,QSO,0.662,,,STAR,0.909,,,252.92601722033646,-0.8351613618211406,J081146.07-352104.9,122.941978,-35.35137,0.0525,0.0503,142.7,13.76,13.67,12.604,8.799,14.341,14.237,14.026,0.025,0.031,,0.397,0.03,0.04,0.065,1224034901351002773,0000,0,11nn,AAUC,109,81,-15,87,0.128,0.155402
203040101010007,123.01923367539,-35.368180603685,STAR,0.86,,,STAR,0.985,,,252.97471058900692,-0.7917413732670111,J081204.62-352205.3,123.0192682,-35.3681581,0.0444,0.0415,133.0,12.265,12.283,11.776,8.969,13.173,12.459,12.247,0.024,0.024,0.23,,0.026,0.023,0.024,1224034901351000147,0000,0,11nn,AABU,-52,46,-18,48,0.03,0.129643
203040101010035,122.9931240836,-35.439115353709,GALAXY,0.487,,,STAR,0.988,,,253.02229962939893,-0.8484899095682324,J081158.34-352620.9,122.9930853,-35.4391466,0.0448,0.0426,121.8,12.721,12.623,11.696,9.12,14.206,13.488,13.274,0.024,0.025,,,0.059,0.071,0.052,1224034901351002611,000P,0,11nn,AAUU,27,50,5,54,0.822,0.159996
203040101010044,122.82974649622,-35.510333256241,GALAXY,0.521,,,STAR,0.957,,,253.00886797443775,-0.9988027115101525,J081119.15-353037.2,122.8298078,-35.5103404,0.0519,0.0514,140.8,13.313,13.382,11.507,8.605,14.068,13.72,13.595,0.025,0.033,0.172,0.288,0.036,0.045,0.053,1224034901351002788,dd00,0,11nn,AABB,54,74,12,82,0.655,0.181354
203042005010011,131.900696006755,-41.6570614986714,STAR,0.693,,,STAR,0.922,,,262.1390485694845,1.1293619781514752,J084736.15-413925.5,131.9006654,-41.6571069,0.0453,0.0426,132.9,12.222,12.172,10.681,8.897,13.144,12.455,12.254,0.023,0.025,,,0.024,0.027,0.023,1314042501351047112,0000,0,00nn,AAUU,-44,44,33,46,0.191,0.182927
203071702015110,249.53903745158,-47.406261147091,STAR,0.63,,,STAR,1.0,,,337.3720436662313,-0.2752574393265775,J163809.37-472422.3,249.5390656,-47.40621,0.0817,0.0732,106.6,10.298,10.423,8.564,6.851,10.782,10.521,10.434,0.034,0.044,,,0.022,0.026,0.021,2487047001351022165,dddH,1,nnnn,AAUU,,,,,0.17,0.196469
204019601010001,259.53645548764,-38.434489339755,STAR,0.545,,,,,,,348.93130021762755,-0.4262040210833054,J171808.75-382603.9,259.5364639,-38.4344413,0.0396,0.0367,99.3,7.369,7.402,7.619,8.247,7.704,7.532,7.412,0.029,0.02,0.043,,0.023,0.027,0.017,2595037901351005190,00h0,0,110n,AAAU,-20,50,-52,42,0.053,0.174446
204023303010075,246.65730771432,-49.252447898196,STAR,0.572,,,STAR,1.0,,,334.71548628043325,-0.13395392909271578,J162637.74-491508.7,246.6572649,-49.2524208,0.0378,0.0368,123.4,8.841,8.758,6.093,3.096,9.921,9.333,9.194,0.025,0.023,0.022,0.028,0.022,0.024,0.025,2461050001351049864,Pddd,1,n134,AAAA,-746,40,141,46,0.338,0.140098
204032802010003,246.53405869121,-49.002845646585,STAR,0.843,,,,,,,334.83843090333716,0.09775815462758991,J162608.18-490010.3,246.5340836,-49.0028689,0.0415,0.0379,102.8,6.735,6.978,6.742,5.723,7.884,7.211,7.045,0.059,0.021,0.042,0.174,0.032,0.033,0.021,2474048501351009600,hhOO,1,41nn,AAAB,-44,33,-70,35,0.162,0.102294
204032802010004,246.536518536274,-49.2956076196928,QSO,0.519,,,STAR,1.0,,,334.6296289369432,-0.10745867553706642,J162608.74-491744.1,246.5364503,-49.2955997,0.0447,0.0413,173.5,8.569,8.613,9.574,7.592,9.865,8.998,8.708,0.023,0.024,,,0.024,0.025,0.025,2461050001351049666,00o0,0,nnnn,AAUU,-7,41,39,39,0.244,0.162797
204043502010013,135.13685303743,-45.509315186841,STAR,0.781,,,STAR,1.0,,,266.5959138546676,0.44596611328733166,J090032.85-453033.5,135.1369162,-45.5093249,0.05,0.0437,104.2,12.55,12.493,11.585,8.36,13.606,12.918,12.723,0.025,0.026,0.181,,0.033,0.036,0.034,1342045501351026300,dd00,1,nnnn,AABU,240,50,-54,50,0.109,0.163051
204043502010065,135.06658657812,-45.550304494,GALAXY,0.664,,,STAR,1.0,,,266.59436592142106,0.3819289251897322,J090015.96-453301.0,135.0665089,-45.5503035,0.0364,0.0334,135.0,10.054,10.102,9.837,8.907,10.302,10.142,10.103,0.022,0.019,0.048,,0.021,0.024,0.023,1342045501351025919,0hd0,0,nnnn,AAAU,77,31,23,31,0.105,0.195887
204051819010001,170.445070072312,-59.8633265961532,GALAXY,0.592,,,STAR,0.954,,,291.89321493890105,1.072909062147001,J112146.81-595147.9,170.4450767,-59.8633166,0.0344,0.0321,137.5,8.043,7.982,7.807,7.412,8.548,8.34,8.185,0.023,0.019,0.022,0.091,0.03,0.036,0.023,1710060601351055499,HH00,0,nn11,AAAA,-27,23,-4,23,0.015,0.037945
204053904010007,233.95830968765,-57.85641371059,QSO,0.681,,,GALAXY,0.852,,,323.41272360004626,-1.676825440857436,J153549.99-575123.2,233.9582939,-57.8564658,0.0429,0.0402,115.4,11.549,11.638,11.575,8.997,12.693,11.936,11.728,0.025,0.021,0.479,,0.023,0.023,0.021,2326057601351024520,00H0,0,11nn,AACU,-73,54,-123,58,0.327,0.189998
204065801015061,257.20568212721,-41.035095803453,GALAXY,0.653,,,STAR,0.977,,,345.7739015636153,-0.49990485113097677,J170849.36-410206.4,257.2056916,-41.0351347,0.1309,0.1208,175.3,11.592,11.899,9.343,8.282,14.508,12.794,12.167,0.053,0.07,0.2,0.437,0.075,0.07,0.05,2571040901351030474,0000,1,100n,AABC,-291,137,282,150,1.768,0.142264
204066501010001,243.96885760345,-51.632391608382,QSO,0.514,,,STAR,1.0,,,331.8232938191446,-0.612091771868435,J161552.53-513756.7,243.9688931,-51.6324314,0.0392,0.0363,107.3,8.03,7.863,7.754,7.425,9.285,8.735,8.366,0.026,0.02,0.03,0.311,0.023,0.026,0.023,2431051501351023424,dhOH,1,nnnn,AAAB,77,42,291,38,0.396,0.163652
204066501010014,243.704661112522,-51.7800077354183,QSO,0.573,,,STAR,1.0,,,331.6029365906159,-0.6055230097021979,J161449.10-514648.1,243.7046229,-51.7800547,0.0806,0.0792,96.1,11.076,11.382,10.053,8.018,12.48,11.568,11.304,0.041,0.039,,,0.02,0.023,0.023,2431051501351020953,0oOH,1,nnnn,AAUU,217,77,165,84,0.199,0.189284
205020801010010,258.91866900018,-39.570736009459,QSO,0.627,,,,,,,347.72683654392284,-0.6925312423735238,J171540.47-393414.7,258.9186656,-39.5707567,0.0391,0.0362,82.0,6.201,6.38,6.367,5.756,7.201,6.874,6.639,0.067,0.021,0.025,0.06,0.02,0.026,0.021,2593039401351015829,hhhh,1,6411,AAAA,-40,37,38,35,0.075,0.074971
205032201010043,177.853538489869,-62.4964781869829,STAR,0.543,,,STAR,0.992,,,296.0644640135408,-0.4277657352581669,J115124.85-622947.4,177.853544,-62.4965081,0.0553,0.0536,154.5,11.362,11.477,11.011,8.987,11.707,11.434,11.324,0.029,0.029,0.303,,0.024,0.024,0.024,1768062101351019510,00P0,0,31nn,AABU,0,28,0,28,0.075,0.108152
205037801010013,179.214451790517,-62.5787333953396,STAR,0.397,,,STAR,0.998,,,296.69478129638446,-0.3697919518107581,J115651.45-623443.4,179.214378,-62.5787425,0.0469,0.0432,146.9,11.457,11.544,8.243,5.852,12.105,11.786,11.657,0.028,0.023,0.037,0.058,0.025,0.028,0.028,1799062101351007747,00h0,1,4200,AAAA,56,26,126,27,0.457,0.126657
205109801010031,198.29451213432,-62.551247114664,GALAXY,0.594,,,STAR,1.0,,,305.43428893895396,0.21482500296018173,J131310.69-623304.4,198.2945739,-62.5512266,0.0676,0.0641,33.2,9.78,9.442,5.182,0.718,10.672,10.297,10.211,0.031,0.041,0.054,0.051,0.026,0.025,0.026,1989062101351014590,hhOD,1,00nn,AAAA,195,46,-308,48,1.419,0.126303
205121801010206,251.87960958552,-45.332128311966,GALAXY,0.765,,,STAR,1.0,,,339.9964392378512,-0.12854818191004927,J164731.09-451955.7,251.879546,-45.332151,0.043,0.0415,89.9,8.106,8.026,8.532,5.046,13.399,10.341,8.995,0.024,0.023,,,0.054,0.028,0.026,2513045501351026979,dddd,0,00nn,AAUU,55,38,114,38,0.295,0.180351
205557001010121,214.70031693506,-60.942193522525,GALAXY,0.694,,,STAR,1.0,,,313.34201333553017,0.15146002478392961,J141848.06-605631.8,214.7002561,-60.9421789,0.0774,0.0714,73.6,10.718,10.859,10.548,8.724,10.952,10.746,10.727,0.035,0.038,0.132,,0.023,0.022,0.023,2160060601351012624,Hd0H,1,nnnn,AABU,,,,,0.255,0.11866
205601914010004,177.05539606782,-60.265211250429,QSO,0.55,,,STAR,1.0,,,295.1653709749384,1.6498073975521237,J114813.28-601554.9,177.055361,-60.265254,0.0383,0.0357,135.0,10.281,10.387,10.137,8.674,11.311,10.609,10.424,0.023,0.02,0.077,,0.026,0.023,0.023,1770060601351042902,0000,0,110n,AAAU,4,25,-27,25,0.039,0.166196
205601914010124,177.18477207851,-60.092348279221,QSO,0.629,,,STAR,1.0,,,295.1860618438093,1.833092002505727,J114844.35-600532.5,177.1848239,-60.0923772,0.0692,0.0673,0.2,13.401,13.649,12.017,8.756,14.586,13.912,13.629,0.032,0.039,0.224,,0.065,0.091,,1770060601351056612,00h0,1,11nn,AABU,156,56,55,56,1.075,0.139542
206000801010001,259.75217184667,-38.81424903983,STAR,0.671,,,,,,,348.7176023808837,-0.7825153553544176,J171900.53-384851.3,259.7522146,-38.8142701,0.0404,0.0396,102.1,6.004,5.733,5.42,5.101,7.385,6.963,6.578,0.064,0.044,0.021,0.327,0.018,0.026,0.018,2593039401351053306,p0hd,1,4410,AAAB,720,41,-854,40,0.128,0.141725
206000801010003,259.67676177776,-38.746209054636,STAR,0.909,,,STAR,1.0,,,348.73951027653203,-0.6953065070696597,J171842.40-384446.3,259.6767005,-38.7461976,0.0484,0.0467,129.7,9.025,9.063,10.415,5.115,9.908,9.352,9.181,0.025,0.025,,0.116,0.022,0.026,0.026,2593039401351053648,0oPd,1,77n4,AAUB,102,46,130,46,0.046,0.177014
206000801010016,259.87949631823,-38.876228862515,QSO,0.505,,,STAR,1.0,,,348.72372973679126,-0.8992963795160445,J171931.06-385234.5,259.8794502,-38.8762588,0.0404,0.0382,119.0,9.029,9.069,8.573,3.133,10.562,10.018,9.694,0.024,0.021,0.132,0.031,0.022,0.022,0.029,2593039401351053736,hdHD,1,n1nn,AABA,-796,43,-24,41,1.44,0.168263
206020201010002,253.74369935909,-41.150849434659,QSO,0.567,,,,,,,344.08360090659255,1.490898405759625,J165458.48-410903.1,253.7436832,-41.1508828,0.0475,0.0459,34.2,4.611,4.18,3.955,3.174,5.148,5.09,4.904,0.171,0.127,0.015,0.018,0.034,0.036,0.018,2531040901351020208,dd00,1,01nn,BBAA,-384,90,42,91,0.263,0.12777
206020201010011,253.66022817963,-41.190748042102,QSO,0.503,,,STAR,1.0,,,344.0130401108736,1.51465717446039,J165438.46-411126.6,253.6602862,-41.1907273,0.0576,0.0557,152.9,10.984,11.037,9.581,7.395,12.275,11.419,11.102,0.03,0.029,0.07,0.269,0.022,0.022,0.019,2531040901351020937,0000,0,10nn,AAAB,-49,69,110,67,0.216,0.173998
206047001010001,154.731610084886,-58.946142556549,GALAXY,0.508,,,STAR,0.986,,,284.3518310065682,-1.6901079443367701,J101855.58-585646.0,154.7316107,-58.9461153,0.0413,0.0372,153.0,9.897,9.906,10.41,8.808,10.436,10.144,10.016,0.024,0.021,0.378,,0.022,0.022,0.019,1555059101351030719,0hdp,0,11nn,AACU,-3,27,-83,27,0.152,0.098075
206047001010039,154.529829363863,-59.1146054594228,STAR,0.615,,,STAR,1.0,,,284.3580068442331,-1.8879029576214703,J101807.16-590652.5,154.5298519,-59.1146062,0.0428,0.0382,169.5,11.252,11.366,10.085,8.588,12.031,11.408,11.295,0.023,0.022,0.062,0.385,0.026,0.022,0.024,1555059101351032738,0hO0,0,nnnn,AAAC,-108,32,-42,33,0.17,0.041756
206059601010005,133.8572969212,-46.806502970463,QSO,0.629,,,STAR,0.974,,,267.00049574198687,-1.0720646361169928,J085525.75-464823.2,133.8573211,-46.8064615,0.0538,0.0502,73.9,13.736,13.756,12.107,8.941,15.019,14.133,13.872,0.026,0.031,,0.489,0.05,0.04,0.061,1330047001351026580,0h00,0,nnnn,AAUC,-87,78,231,81,0.114,0.160738
206060201010026,258.574097376766,-38.322209080542,GALAXY,0.547,,,STAR,1.0,,,348.5848026155239,0.2532745840366597,J171417.79-381919.8,258.5741296,-38.3221783,0.0627,0.0496,156.0,8.809,8.789,8.926,7.912,11.144,9.736,9.169,0.031,0.029,0.143,,0.025,0.022,0.022,2576037901351022968,ddOO,1,nnnn,AABU,86,41,-454,44,0.277,0.143348
206063301010002,162.78353606469,-61.060356568059,STAR,0.449,,,STAR,1.0,,,288.8928477710346,-1.5112384867385087,J105108.04-610337.1,162.7835414,-61.0603235,0.0645,0.0432,13.7,9.697,9.746,9.723,8.019,10.588,9.925,9.763,0.032,0.031,0.086,0.226,0.049,0.063,0.044,1620060601351002435,hh00,0,nnnn,AAAB,,,,,0.167,0.119496
206063301010007,162.68315353299,-61.015958123695,GALAXY,0.542,,,GALAXY,1.0,,,288.82950160814505,-1.4932392327040283,J105043.94-610057.3,162.6830986,-61.0159186,0.0826,0.0778,23.2,13.537,13.061,10.339,7.547,,,,0.039,0.048,0.065,0.104,,,,1620060601351020328,0h00,1,5200,AAAA,-45,127,-216,184,,0.171553
206063801010038,215.27019889155,-60.861143704885,GALAXY,0.633,,,STAR,1.0,,,313.6302868333176,0.13492127796670725,J142104.85-605140.2,215.270241,-60.8611923,0.0454,0.0442,150.5,9.676,9.727,9.466,6.63,10.132,9.906,9.788,0.024,0.025,,0.112,0.023,0.026,0.019,2160060601351014476,ddo0,0,00n1,AAUB,-120,38,-114,38,0.528,0.189846
206541101010006,245.484596562121,-49.9841379552181,QSO,0.681,,,STAR,0.996,,,333.66107844792504,-0.10564899011349839,J162156.29-495902.8,245.4845716,-49.9841193,0.0722,0.061,60.1,8.804,8.713,8.778,6.802,10.961,9.787,9.161,0.031,0.043,,,0.024,0.026,0.025,2461050001351030971,ddHD,1,00nn,AAUU,-299,46,4012,88,0.043,0.088642
206541902010001,248.157576971239,-47.3948292679893,GALAXY,0.758,,,STAR,0.864,,,336.7492241293798,0.4222815407010487,J163237.83-472341.4,248.1576388,-47.3948501,0.098,0.0746,64.4,10.372,9.963,9.036,6.329,14.631,12.423,11.275,0.047,0.042,,,0.048,,,2487047001351014952,dh00,0,nnnn,AAUU,,,,,0.967,0.168243
206541902010007,248.082363844454,-47.2874571879167,QSO,0.459,,,STAR,1.0,,,336.79299669055115,0.532782543384823,J163219.76-471714.6,248.0823518,-47.2874125,0.0509,0.0494,1.5,9.987,10.019,8.389,5.886,11.674,10.698,10.345,0.027,0.028,0.065,0.077,0.021,0.022,0.021,2487047001351014969,hhhh,1,6401,AAAA,135,58,28,69,0.543,0.163456
206548701010183,162.266279934936,-59.9060036194414,GALAXY,0.523,,,,,,,288.1461273412593,-0.5946903407753906,J104903.92-595421.5,162.2663496,-59.9059991,0.041,0.0376,43.3,12.079,12.455,12.669,8.62,12.53,12.318,12.29,0.03,0.046,,,,,0.038,1620060601351049514,00HH,1,10nn,AAUU,18,40,52,42,0.145,0.126708
206554903010001,126.55689817571,-37.61998231706,GALAXY,0.536,,,GALAXY,0.996,,,256.4382466434327,0.2851774957096588,J082613.65-373711.7,126.5568781,-37.6199435,0.0353,0.0332,159.0,9.609,9.251,8.296,7.392,10.699,10.349,9.999,0.023,0.02,0.02,0.112,0.027,0.023,0.022,1269037901351043023,0000,0,0100,AAAB,84,34,-17,36,0.108,0.151025
206554903010041,126.41345032104,-37.746516465359,QSO,0.516,,,STAR,0.999,,,256.4757026675358,0.11935875525760163,J082539.21-374447.3,126.413411,-37.7464827,0.0443,0.0421,118.7,12.608,12.609,12.211,8.978,13.687,13.028,12.825,0.025,0.024,,,0.026,0.024,0.027,1269037901351034819,hh00,1,44nn,AAUU,-13,51,-54,53,0.224,0.165278
206556502010022,124.58866754634,-38.64544347173,GALAXY,0.435,,,STAR,0.872,,,256.3963329860998,-1.5712682651130467,J081821.28-383843.7,124.5887007,-38.6454784,0.0473,0.0447,128.5,12.857,12.908,12.346,9.135,13.565,13.073,12.821,0.024,0.026,,,0.024,0.029,0.035,1238039401351052573,0000,0,11nn,AAUU,32,57,-45,60,0.132,0.156526
206723201010003,172.22578083428,-62.652703209374,STAR,0.776,,,,,,,293.61336059600416,-1.2837272198159226,J112854.18-623909.8,172.2257779,-62.6527312,0.0362,0.033,145.1,7.676,7.785,7.764,3.17,7.84,7.849,7.821,0.024,0.02,0.045,0.026,0.021,0.042,0.024,1736062101351009516,0h0d,1,133n,AAAA,24,24,-14,24,0.037,0.100815
206723201010013,171.66544225855,-62.792666442296,QSO,0.45,,,STAR,0.889,,,293.41429101665307,-1.4980419178359627,J112639.72-624733.6,171.6655188,-62.7926682,0.0629,0.0619,9.4,11.983,12.036,11.071,8.52,12.715,12.308,12.171,0.03,0.035,0.286,0.389,0.028,0.033,0.029,1705062101351000731,0000,0,11nn,AABC,10,34,26,34,0.269,0.126083
206729701010003,213.89322181141,-61.879035824392,STAR,0.662,,,STAR,1.0,,,312.67206458666897,-0.6087911857570882,J141534.35-615244.5,213.8931427,-61.879037,0.108,0.1022,10.0,11.929,12.227,11.126,8.157,12.555,11.972,11.827,0.044,0.06,,,0.024,0.022,0.019,2147062101351041124,00DH,0,22nn,AAUU,-266,102,-69,102,0.284,0.134306
206750701010003,178.627914255702,-63.0248515201172,STAR,0.89,,,,,,,296.52856006152854,-0.8630077821279967,J115430.69-630129.5,178.6278852,-63.0248674,0.0369,0.0346,131.2,7.798,7.842,7.88,7.96,8.126,8.003,7.914,0.025,0.02,0.03,0.204,0.023,0.033,0.027,1783063701351053377,0h00,0,111n,AAAB,25,25,12,24,0.204,0.074312
206750701010004,178.71081279214,-63.22420055549,STAR,0.488,,,STAR,1.0,,,296.60864114712075,-1.0493761569983309,J115450.58-631327.2,178.7107865,-63.2242368,0.0426,0.04,140.5,10.784,10.722,11.392,7.821,11.878,11.196,10.974,0.024,0.022,0.523,0.195,0.023,0.024,0.021,1783063701351044215,ddDH,1,99nn,AACB,86,26,173,26,0.451,0.137244
206798103010129,251.83686009561,-45.232828290162,GALAXY,0.708,,,,,,,340.0527432443598,-0.0413982569312878,J164720.83-451358.0,251.8368098,-45.2327938,0.1578,0.1474,171.2,11.011,11.51,8.883,6.037,12.395,11.407,11.069,0.056,0.119,,,0.02,0.022,0.02,2513045501351046460,dddD,0,21nn,ABUU,-280,201,230,300,0.027,0.17804
206915501010025,200.28253014441,-63.524273064005,GALAXY,0.497,,,GALAXY,0.891,,,306.2341951598546,-0.843064816353913,J132107.81-633127.5,200.2825738,-63.5243148,0.0752,0.0708,6.6,11.805,11.953,12.24,9.244,12.411,12.078,11.991,0.034,0.041,,,0.024,0.028,0.024,2014063701351037173,0000,1,11nn,AAUU,-135,64,138,70,0.522,0.165864
206920501010002,219.16702224483,-60.071370225177,STAR,0.675,,,STAR,1.0,,,315.706588279628,0.16426343196241777,J143640.07-600416.9,219.1669585,-60.0713822,0.061,0.0591,19.4,11.179,11.242,10.554,8.05,11.915,11.479,11.37,0.03,0.033,,,0.022,0.023,0.028,2190060601351054502,hh00,0,11nn,AAUU,-27,46,-254,48,0.41,0.122453
206950001010002,187.105616680238,-63.3496748572408,STAR,0.877,,,,,,,300.3543917545083,-0.5931690453901778,J122825.34-632058.8,187.1055998,-63.3496869,0.034,0.0317,143.6,7.225,7.251,6.756,5.448,7.848,7.474,7.333,0.027,0.02,0.019,0.042,0.032,0.047,0.031,1882063701351038104,0hd0,1,0011,AAAA,-51,30,-65,30,0.415,0.051307
207226001010015,165.304369177663,-61.063019558071,QSO,0.71,,,STAR,0.998,,,289.99595819201767,-0.9903276414652435,J110113.02-610346.9,165.304287,-61.0630405,0.1322,0.121,35.0,11.888,12.003,8.966,7.567,12.791,12.072,12.008,0.051,0.07,,,0.023,0.021,0.021,1650060601351005017,hhhH,0,22nn,AAUU,49,55,25,56,0.172,0.161839
207241905010001,156.4854295339,-57.8120770940062,QSO,0.481,,,,,,,284.51547121484947,-0.23939750487305045,J102556.50-574843.4,156.4854326,-57.812078,0.038,0.0359,133.7,7.372,7.214,6.351,4.611,8.808,8.2,7.833,0.028,0.02,0.033,0.058,0.034,0.04,0.026,1578057601351010951,00dD,1,231n,AAAA,-45,30,31,28,0.023,0.006764
207241905010012,156.076597418959,-57.8083475060212,GALAXY,0.593,,,,,,,284.32885161010694,-0.35174787731935514,J102418.39-574830.1,156.0766637,-57.8083741,0.0529,0.0303,165.8,6.118,5.764,0.992,-3.156,8.653,7.797,7.18,0.098,0.073,,,0.026,0.042,0.02,1550057601351016860,00dh,3,34nn,AAZZ,-1832,46,1453,32,0.375,0.159205
207241905010050,156.344851085657,-57.7740674649215,QSO,0.571,,,STAR,1.0,,,284.43177749437,-0.24674708545760474,J102522.74-574626.5,156.3447902,-57.7740304,0.0959,0.0895,24.9,11.848,11.873,9.764,4.256,12.522,12.006,11.81,0.038,0.059,,0.125,0.023,0.021,0.019,1550057601351017253,00PD,0,11nn,AAUB,-7,115,83,78,0.088,0.177396
207241906010023,156.449167451378,-57.7884482618545,QSO,0.524,,,GALAXY,0.955,,,284.4865844560043,-0.22953487081951301,J102547.78-574718.5,156.4491066,-57.7884931,0.1755,0.1548,43.6,13.159,13.09,12.149,6.254,14.005,13.507,13.324,0.087,0.138,,,0.036,0.045,0.041,1550057601351018275,00DD,1,00nn,ABUU,-6,132,83,132,0.156,0.199246
207246903010019,124.62397520999,-36.801146655378,STAR,0.579,,,STAR,0.936,,,254.88691377023727,-0.5107583387625807,J081829.74-364803.9,124.6239336,-36.8011037,0.0508,0.0494,124.5,13.333,13.198,12.797,9.29,14.261,13.7,13.426,0.026,0.029,,,0.032,0.036,0.043,1249036401351016844,0000,0,00nn,AAUU,20,65,19,70,0.301,0.195754
207406401010004,237.08275727023,-53.771764248186,GALAXY,0.496,,,STAR,0.999,,,327.276045903407,0.5218421878295709,J154819.86-534618.3,237.0827862,-53.771768,0.042,0.0397,120.5,8.96,8.989,8.469,6.649,10.834,9.743,9.312,0.024,0.022,0.136,0.259,0.022,0.024,0.023,2374054601351053981,0000,0,0000,AABB,-72,39,-149,40,0.08,0.063001
207406401010006,237.1577290408,-53.832225373972,QSO,0.509,,,STAR,1.0,,,327.27318797327246,0.44695693847524137,J154837.86-534956.1,237.1577703,-53.8322524,0.0432,0.0421,120.1,9.585,9.678,10.252,7.866,10.593,9.933,9.674,0.025,0.023,,,0.022,0.024,0.023,2374054601351054124,00hd,0,11nn,AAUU,24,43,13,43,0.087,0.130878
207406401010017,236.84244238798,-54.010840519961,QSO,0.443,,,STAR,1.0,,,327.01676825396567,0.42187341691480623,J154722.19-540038.9,236.8424977,-54.0108269,0.0307,0.0298,117.2,8.096,8.098,8.421,8.51,8.724,8.423,8.277,0.023,0.019,0.051,,0.032,0.061,0.034,2374054601351053940,00hD,1,110n,AAAU,-48,35,-28,35,0.114,0.126901
207406401010040,237.07861942963,-53.858333223438,GALAXY,0.623,,,STAR,1.0,,,327.22039280080276,0.4554862287466437,J154818.86-535129.9,237.0785893,-53.8583297,0.0362,0.0334,112.0,8.064,8.033,8.388,6.679,11.755,9.622,8.688,0.022,0.018,0.136,,0.021,0.024,0.021,2374054601351053877,0phd,0,120n,AABU,-242,35,129,34,0.09,0.065166
207432001010021,255.437768232458,-43.2050738800804,QSO,0.577,,,,,,,343.25273959078334,-0.7685365576604104,J170145.06-431218.3,255.4377751,-43.205101,0.0715,0.0684,172.3,10.521,10.634,10.712,7.573,11.375,10.697,10.545,0.033,0.038,,,0.024,0.022,0.019,2559044001351059258,0opp,0,nnnn,AAUU,-55,64,-214,66,0.793,0.099344
207641101010014,196.43189267284,-62.833150790717,QSO,0.482,,,STAR,1.0,,,304.5621929964096,-0.00664453883610901,J130543.64-624959.4,196.4318707,-62.8331736,0.0422,0.0396,123.5,10.169,10.206,10.11,8.89,12.121,10.897,10.419,0.024,0.022,,,0.023,0.024,0.021,1957062101351002485,00OD,0,nnnn,AAUU,-133,35,141,35,0.085,0.089617
207641101010022,196.47603043801,-62.706087151354,GALAXY,0.66,,,,,,,304.58944745361276,0.11909425454781011,J130554.26-624222.0,196.4761199,-62.7061195,0.047,0.0446,139.9,10.481,10.577,11.823,8.653,11.668,10.892,10.651,0.024,0.027,,,0.023,0.022,0.021,1957062101351002624,00HO,0,00nn,AAUU,-78,37,-28,37,0.045,0.187994
207800701010003,167.62784656556,-61.030015131074,QSO,0.619,,,,,,,291.0159475871171,-0.515012243391324,J111030.67-610147.9,167.6278317,-61.0299933,0.0487,0.0449,73.9,4.222,4.067,3.83,3.388,5.961,4.971,4.453,0.353,0.172,0.013,0.026,0.019,0.021,0.021,1680060601351012466,0hh0,0,0100,BBAA,145,28,-31,27,0.046,0.082772
207800701010005,167.829358012,-60.920079667432,STAR,0.609,,,,,,,291.064914087524,-0.3762770690682781,J111119.04-605512.2,167.8293519,-60.9200715,0.0388,0.036,137.0,6.979,7.048,7.025,5.251,7.422,7.251,7.139,0.05,0.02,0.035,0.094,0.02,0.046,0.029,1680060601351014535,00h0,1,0023,AAAA,-87,24,-69,24,0.054,0.031345
208028901010011,186.63503749697,-63.418422308399,QSO,0.753,,,GALAXY,0.974,,,300.15085180259615,-0.681197463235611,J122632.42-632506.3,186.6351075,-63.4184229,0.2054,0.1851,30.7,12.239,12.446,12.212,9.246,12.918,12.395,12.258,0.078,0.101,,,0.036,0.035,0.032,1849063701351050456,00dp,0,34nn,AAUU,-156,143,193,151,0.093,0.112814
208028901010055,187.31635695228,-63.303199667218,GALAXY,0.445,,,STAR,1.0,,,300.44456385724374,-0.5385852519305977,J122915.91-631811.4,187.3162968,-63.3031745,0.0639,0.0469,126.0,11.197,11.273,10.706,7.013,11.76,11.371,11.255,0.029,0.03,0.49,,0.036,0.042,0.044,1882063701351041290,0hd0,0,nnnn,AACU,26,38,147,38,0.158,0.132934
208042402010042,179.02033438095,-62.962851058415,QSO,0.722,,,STAR,1.0,,,296.68918394190695,-0.7640043782776504,J115604.87-625746.3,179.0203091,-62.9628724,0.0397,0.0366,141.6,9.536,9.606,10.085,8.922,10.77,10.001,9.78,0.023,0.021,0.37,,0.022,0.022,0.021,1783063701351051131,0000,0,22nn,AACU,27,24,4,24,0.124,0.087223
